Order ID,Customer ID,Order Date,Category,Product Name,Unit Price (GBP),Quantity,Discount %,Region,Channel,Customer Segment,Payment Method,Review Rating,Returned,Previous Orders
101319,5404,2025-11-05,Bedding,Pillow Pair,33.82,2,20,South East,Online,New,Card,2.8,No,3
100505,5246,2025-02-01,Decor,Ceramic Vase,54.27,4,5,North East,Online,VIP,Card,3.4,No,4
101942,5227,2026-01-27,Bedding,Linen Duvet Set,33.3,2,5,South West,Online,New,PayPal,4.1,Yes,2
101073,5680,2025-10-24,Bedding,Mattress Topper,24.19,1,0,Wales,In-Store,New,Klarna,4.6,No,3
100111,5249,2025-05-08,Storage,Storage Ottoman,42.15,1,0,Wales,Online,New,Card,3.9,No,3
101274,5607,2026-02-07,Furniture,Console Table,33.43,1,0,Scotland,In-Store,New,PayPal,,No,4
102155,5634,2025-08-08,Storage,Shoe Rack,63.8,1,15,Wales,Online,New,Card,4.8,No,4
101650,5752,2025-04-13,Lighting,Pendant Light,35.05,1,0,South West,Online,Returning,Card,4.4,No,1
101115,5174,2025-07-03,Lighting,Pendant Light,23.27,1,0,South East,Online,Returning,Gift Card,5.0,No,5
100830,5026,2026-02-12,Furniture,Coffee Table,73.96,2,10,Wales,Online,New,Card,5.0,No,5
102174,5688,2026-01-08,Kitchen,Kettle,35.56,2,0,South East,Online,VIP,Card,4.8,No,4
100971,5268,2025-10-14,Storage,Shoe Rack,43.55,4,0,Midlands,Online,Returning,Card,4.5,No,3
101449,5665,2026-03-31,Lighting,Fairy Lights,20.81,1,0,London,Online,Returning,Card,4.5,No,2
101978,5308,2025-11-23,Storage,Wall Shelf Unit,14.53,1,0,South West,Online,Returning,Card,4.5,No,5
101625,5498,2025-09-28,Decor,Wall Mirror,94.89,1,0,Midlands,Online,New,Card,3.6,No,0
101414,5712,2025-02-03,storage,Shoe Rack,51.66,3,0,South East,Online,Returning,PayPal,5.0,No,3
100008,5627,2026-01-17,Furniture,Accent Chair,36.65,1,0,North East,Online,New,Card,5.0,No,3
101479,5207,2025-09-03,Lighting,Floor Lamp,54.53,4,5,Wales,Online,New,Card,4.9,No,1
100375,5797,2025-12-18,Bedding,Pillow Pair,88.81,1,10,South East,Online,New,Klarna,4.4,No,2
101207,5463,2025-06-11,Bedding,Mattress Topper,47.34,1,0,London,Online,Returning,PayPal,,No,3
101889,5055,2026-03-24,Kitchen,Kettle,38.03,4,10,Midlands,Online,Returning,Card,4.3,No,5
101519,5445,2025-11-07,Storage,Shoe Rack,56.14,2,0,South East,Online,Returning,Card,2.4,No,0
100397,5040,2025-08-16,Kitchen,Kettle,77.37,2,0,South East,In-Store,Returning,Gift Card,4.6,No,4
101722,5667,2025-10-07,Storage,Laundry Basket,57.16,4,0,London,Online,Returning,Card,3.3,No,5
100900,5554,2025-05-05,Kitchen,Chopping Board,56.21,2,0,South West,Online,New,Card,4.3,No,3
100424,5523,2026-02-25,Storage,Storage Ottoman,40.86,2,0,South West,In-Store,Returning,PayPal,3.6,Yes,4
101200,5558,2025-11-25,Bedding,Mattress Topper,40.35,1,5,London,Online,New,Card,2.7,No,6
101351,5054,2025-07-20,Storage,Laundry Basket,25.61,2,0,North East,Online,Returning,Card,4.1,Yes,2
100035,5799,2025-09-25,Decor,Woven Basket,46.89,1,0,London,Online,New,PayPal,3.7,No,2
101873,5543,2026-01-15,Furniture,Accent Chair,28.69,1,0,Scotland,Online,New,Gift Card,3.2,No,2
100197,5308,2026-03-07,Lighting,Floor Lamp,31.76,1,15,South East,In-Store,Returning,Card,2.6,No,3
100748,5282,2025-08-15,Decor,Ceramic Vase,75.47,2,15,Wales,In-Store,New,PayPal,5.0,No,2
102040,5404,2025-04-20,Bedding,Wool Throw,21.95,1,0,London,In-Store,New,Card,5.0,No,1
100944,5426,2025-09-16,Kitchen,Cast Iron Pan,39.29,4,0,South East,Online,New,Gift Card,3.4,Yes,5
101447,5844,2025-10-20,Lighting,Floor Lamp,51.91,2,0,South East,Online,New,Klarna,4.0,No,2
100858,5051,2025-03-09,Kitchen,Chopping Board,62.34,1,0,South West,Online,New,Card,3.5,No,5
100195,5863,2025-08-04,Bedding,Linen Duvet Set,46.86,3,0,North East,Online,Returning,Card,5.0,No,4
100526,5279,2025-10-09,Decor,Ceramic Vase,85.49,4,0,South East,Online,Returning,Card,2.7,No,4
101349,5661,2025-05-20,Kitchen,Knife Block,51.29,1,0,North West,In-Store,New,PayPal,4.2,No,3
101741,5387,2025-09-05,Kitchen,Knife Block,50.92,1,0,Wales,Online,New,Card,5.0,No,3
101171,5566,2026-03-25,Storage,Shoe Rack,24.75,3,10,North West,Online,New,Card,2.7,No,4
100659,5065,2025-11-26,Decor,Candle Set,57.23,3,5,Midlands,Online,VIP,PayPal,3.3,No,4
101945,5342,2025-02-28,Furniture,Console Table,32.18,2,0,Wales,Online,Returning,Klarna,3.6,No,1
100329,5127,2025-02-09,Decor,Wall Mirror,72.56,1,5,Wales,In-Store,Returning,Gift Card,4.3,No,0
100061,5830,2025-01-11,Decor,Woven Basket,36.81,2,0,North East,In-Store,New,Klarna,3.7,No,5
100749,5281,2025-08-30,Storage,Drawer Organiser,36.26,1,5,London,Online,New,PayPal,4.6,No,3
100159,5454,2025-10-12,Storage,Wall Shelf Unit,75.09,1,0,Scotland,Online,New,Gift Card,2.9,No,2
101375,5798,2026-03-10,Lighting,Desk Lamp,33.57,2,0,North East,Online,New,PayPal,3.5,No,4
101114,5262,2025-04-13,Bedding,Cushion Cover,34.28,4,0,London,Online,New,Card,3.2,No,0
101934,5857,2025-08-17,Bedding,Pillow Pair,28.82,1,0,South East,Online,New,Card,3.5,Yes,5
100055,5448,2025-05-15,Storage,Wall Shelf Unit,58.76,4,0,Scotland,Online,Returning,Gift Card,5.0,No,4
102136,5616,2025-07-13,Kitchen,Ceramic Mug Set,40.94,2,10,North East,Online,Returning,Card,3.9,No,4
100376,5085,2025-05-30,Bedding,Cushion Cover,60.1,2,10,North East,Online,Returning,Card,5.0,No,7
101918,5441,2025-03-01,Storage,Storage Ottoman,36.14,1,5,South West,In-Store,Returning,Card,2.8,Yes,1
102132,5878,2025-05-04,storage,Drawer Organiser,44.38,1,0,London,Online,Returning,Gift Card,5.0,No,3
100263,5269,2025-08-04,Kitchen,Chopping Board,41.44,1,0,North East,In-Store,New,PayPal,5.0,No,6
101370,5571,2025-04-23,Lighting,Desk Lamp,19.29,1,0,Wales,Online,VIP,Klarna,4.4,No,3
100740,5808,2025-03-18,Kitchen,Chopping Board,11.36,2,0,London,Online,Returning,PayPal,4.3,No,4
102052,5272,2025-06-25,Kitchen,Chopping Board,83.9,2,0,South East,Online,New,PayPal,5.0,No,3
101224,5588,2025-06-24,Furniture,Coffee Table,54.92,1,0,Wales,Online,New,Card,3.8,No,7
100992,5494,2025-11-07,Kitchen,Knife Block,52.89,2,10,South West,Online,VIP,Card,5.0,No,7
100735,5187,2026-01-03,bedding,Linen Duvet Set,71.04,2,0,North West,Online,New,PayPal,2.8,No,3
100396,5787,2025-03-17,Storage,Shoe Rack,42.27,1,10,Scotland,Online,Returning,PayPal,2.5,No,6
101415,5526,2025-12-08,Bedding,Cushion Cover,63.97,3,15,Wales,Online,New,Card,4.2,No,9
100591,5720,2026-03-03,Decor,Framed Print,41.1,2,15,North East,In-Store,Returning,Card,4.7,No,1
100180,5450,2025-10-25,Decor,Ceramic Vase,64.99,4,0,North West,Online,New,Card,3.2,No,5
100047,5401,2025-09-19,Lighting,Floor Lamp,25.86,2,0,Wales,Online,Returning,PayPal,4.7,No,9
101424,5607,2025-07-20,Decor,Candle Set,52.29,2,0,Scotland,Online,New,PayPal,3.6,No,5
100934,5584,2025-02-06,Kitchen,Cast Iron Pan,30.64,4,0,London,Online,VIP,Card,5.0,No,6
100279,5058,2025-02-05,Furniture,Oak Bookshelf,39.25,2,0,South East,Online,Returning,Gift Card,5.0,No,4
101071,5607,2025-03-16,Storage,Laundry Basket,29.03,2,0,North West,In-Store,New,Klarna,5.0,No,6
101278,5696,2025-08-30,Storage,Drawer Organiser,19.73,4,0,South East,Online,VIP,Gift Card,5.0,No,3
101601,5271,2026-02-25,Kitchen,Kettle,33.84,1,0,South East,Online,New,Gift Card,4.1,No,2
100924,5130,2025-10-07,Furniture,Console Table,34.34,3,20,Scotland,Online,New,Gift Card,4.5,No,1
101874,5847,2026-03-05,Kitchen,Chopping Board,50.7,1,0,Wales,Online,New,Gift Card,3.4,No,0
101699,5323,2025-05-19,Kitchen,Chopping Board,33.4,3,0,North West,Online,VIP,Card,4.5,No,4
101180,5022,2025-06-29,Storage,Shoe Rack,77.48,2,0,Midlands,In-Store,New,Klarna,3.2,No,4
100548,5532,2026-01-04,Kitchen,Cast Iron Pan,36.46,1,0,North East,In-Store,New,Card,,No,3
101222,5497,2025-12-25,Lighting,Floor Lamp,47.94,2,0,North West,In-Store,Returning,Card,3.2,No,3
100003,5589,2025-01-18,Storage,Laundry Basket,35.84,4,0,Wales,Online,New,Card,4.7,No,1
102109,5252,2026-01-01,Storage,Drawer Organiser,25.66,1,0,Wales,Online,VIP,Card,4.0,No,3
101797,5878,2025-01-12,Kitchen,Cast Iron Pan,58.21,3,5,Midlands,Online,New,Card,4.8,No,3
102036,5761,2025-01-18,Kitchen,Kettle,26.84,3,0,North East,Online,Returning,Gift Card,4.9,No,5
100519,5427,2025-09-21,Kitchen,Knife Block,57.63,4,0,Midlands,Online,New,Klarna,4.6,No,3
100682,5123,2025-04-18,Kitchen,Cast Iron Pan,35.62,1,0,Scotland,Online,Returning,Klarna,3.2,No,1
100260,5528,2025-01-28,Bedding,Pillow Pair,47.76,1,0,South East,Online,Returning,PayPal,4.1,No,3
100954,5385,2025-12-27,Kitchen,Cast Iron Pan,49.58,1,0,Wales,Online,Returning,Card,3.0,No,2
101938,5498,2025-04-28,Storage,Drawer Organiser,54.95,4,0,North East,Online,VIP,Card,3.4,No,3
101065,5677,2025-08-28,Lighting,Fairy Lights,36.55,3,0,North East,Online,New,Gift Card,3.4,No,4
102156,5440,2026-01-10,Decor,Ceramic Vase,19.52,1,0,Midlands,Online,New,Card,3.2,No,3
100341,5571,2025-05-12,Bedding,Pillow Pair,52.9,1,0,Midlands,Online,Returning,Card,4.8,No,2
100972,5376,2026-03-04,Bedding,Cushion Cover,36.41,4,0,South East,In-Store,New,Klarna,2.9,No,5
100029,5490,2025-05-12,Kitchen,Chopping Board,30.55,1,5,South East,Online,Returning,Klarna,5.0,No,1
100706,5508,2026-01-29,Bedding,Wool Throw,65.17,2,0,South East,Online,New,Klarna,4.7,No,4
100545,5747,2025-04-01,Lighting,Desk Lamp,43.27,1,20,Midlands,In-Store,Returning,Klarna,2.3,No,2
100013,5662,2025-10-03,Storage,Wall Shelf Unit,49.13,1,10,Scotland,Online,VIP,Klarna,4.3,No,0
101549,5444,2026-02-23,Lighting,Fairy Lights,25.26,2,0,North East,Online,VIP,Klarna,4.2,No,4
100758,5344,2025-08-10,Kitchen,Cast Iron Pan,37.18,1,0,North East,In-Store,Returning,Card,3.6,No,1
101696,5614,2026-02-27,Bedding,Wool Throw,15.82,2,0,North East,Online,VIP,PayPal,4.6,No,2
101905,5299,2025-02-05,Storage,Wall Shelf Unit,59.6,2,15,South West,Online,VIP,Gift Card,4.7,No,2
101456,5058,2025-08-08,Kitchen,Cast Iron Pan,64.58,1,0,North East,In-Store,Returning,Card,5.0,No,1
101272,5098,2025-12-06,Furniture,Oak Bookshelf,36.69,2,15,South East,In-Store,Returning,PayPal,4.9,No,6
101868,5684,2025-07-11,Decor,Wall Mirror,32.41,4,5,Midlands,In-Store,New,Card,2.6,No,1
101782,5305,2025-02-10,Furniture,Accent Chair,46.68,4,0,Wales,In-Store,Returning,Card,3.8,No,1
100280,5074,2025-03-03,Storage,Storage Ottoman,52.27,3,25,South West,Online,VIP,Gift Card,3.5,No,2
102011,5447,2025-03-10,Decor,Framed Print,55.0,1,0,North West,Online,Returning,Card,3.2,No,5
100205,5411,2025-06-24,Decor,Candle Set,69.13,3,10,North West,Online,Returning,PayPal,4.3,No,1
101893,5791,2025-06-16,Decor,Candle Set,47.78,1,20,Midlands,Online,VIP,Gift Card,3.9,No,3
100432,5665,2025-11-06,Furniture,Accent Chair,39.31,1,10,Scotland,In-Store,New,PayPal,3.1,No,1
102163,5362,2025-08-15,Bedding,Linen Duvet Set,19.46,1,0,South East,Online,Returning,Card,3.6,No,0
101068,5576,2025-11-11,Decor,Framed Print,32.33,2,5,South West,Online,New,Card,3.2,No,2
100342,5261,2026-03-18,Furniture,Accent Chair,32.59,1,0,South West,Online,Returning,Klarna,4.7,No,9
100309,5284,2025-07-05,Bedding,Wool Throw,44.22,1,0,North East,Online,Returning,PayPal,4.7,No,2
100714,5687,2025-04-13,Bedding,Pillow Pair,35.35,1,0,Scotland,Online,VIP,PayPal,4.9,No,3
101958,5478,2025-05-18,Kitchen,Cast Iron Pan,38.12,4,15,Wales,Online,New,Gift Card,2.7,No,5
101086,5755,2025-08-02,Bedding,Pillow Pair,46.92,2,0,Scotland,Online,Returning,PayPal,3.6,No,5
100745,5715,2026-01-10,Lighting,Fairy Lights,26.51,4,5,Scotland,In-Store,Returning,Card,4.3,No,3
100427,5777,2026-03-22,Bedding,Mattress Topper,41.35,1,0,London,Online,Returning,Card,2.7,No,2
102054,5852,2025-06-04,Bedding,Cushion Cover,19.94,2,0,South East,Online,VIP,PayPal,3.7,No,1
100688,5534,2025-01-29,Storage,Storage Ottoman,50.9,4,0,Midlands,Online,VIP,Card,5.0,No,0
101169,5898,2025-07-12,Kitchen,Cast Iron Pan,36.07,1,0,North East,Online,VIP,Gift Card,4.6,No,4
100588,5089,2025-01-28,Bedding,Cushion Cover,54.15,4,0,Scotland,In-Store,New,Klarna,4.9,No,5
100052,5175,2025-09-09,Decor,Framed Print,49.85,3,5,North West,Online,New,Card,4.2,No,3
101442,5461,2026-02-27,Kitchen,Chopping Board,27.27,2,20,Scotland,In-Store,New,PayPal,4.4,No,0
100238,5388,2025-11-04,Bedding,Mattress Topper,72.53,1,20,South West,Online,Returning,Klarna,4.3,No,4
101317,5638,2025-03-19,Bedding,Cushion Cover,47.09,1,5,Wales,In-Store,Returning,Gift Card,5.0,No,1
100562,5039,2025-07-16,Storage,Drawer Organiser,61.66,1,0,South East,Online,Returning,Card,3.9,No,2
100508,5223,2025-05-19,lighting,Table Lamp,24.65,1,0,Midlands,Online,Returning,Gift Card,3.9,No,2
101211,5561,2025-02-02,Bedding,Mattress Topper,52.39,1,5,London,Online,New,PayPal,3.6,No,1
100620,5125,2025-11-19,Storage  ,Storage Ottoman,52.96,2,0,North East,In-Store,VIP,Card,3.4,Yes,4
100480,5098,2025-06-20,Lighting,Floor Lamp,38.95,1,20,Wales,Online,New,Card,4.1,No,3
101715,5579,2025-12-26,Furniture,Accent Chair,79.43,1,20,London,In-Store,Returning,Klarna,4.3,No,3
101925,5325,2025-12-25,Storage,Drawer Organiser,33.94,1,0,Scotland,Online,Returning,Gift Card,2.6,No,5
101820,5265,2025-11-09,Decor,Framed Print,72.48,2,20,South West,Online,New,Card,2.7,No,4
102179,5563,2025-03-17,Storage,Laundry Basket,41.9,2,15,South East,Online,New,Card,4.0,No,1
101509,5776,2025-08-12,Furniture,Oak Bookshelf,86.48,3,20,Scotland,In-Store,New,Card,4.1,Yes,3
100979,5315,2025-04-09,Kitchen,Chopping Board,57.48,3,0,South East,In-Store,Returning,Card,2.8,No,4
101482,5001,2025-01-15,Kitchen,Chopping Board,37.09,1,0,South East,Online,Returning,Card,4.1,No,4
101038,5013,2026-03-29,Lighting,Desk Lamp,34.22,1,0,South West,Online,Returning,Gift Card,1.7,No,3
101505,5537,2026-03-06,Kitchen,Kettle,33.52,1,5,North West,Online,Returning,Gift Card,5.0,No,0
101607,5133,2025-02-16,Bedding,Wool Throw,18.18,1,0,North West,Online,Returning,Card,5.0,Yes,4
101769,5060,2025-09-26,Furniture,Console Table,68.06,1,0,Wales,Online,New,Card,3.8,No,8
101282,5665,2025-04-22,Decor,Framed Print,20.06,2,0,Scotland,Online,New,Gift Card,4.1,No,3
102072,5582,2025-08-30,Furniture,Oak Bookshelf,38.0,4,5,North East,In-Store,Returning,Card,3.4,No,4
101188,5538,2025-12-02,Storage,Storage Ottoman,51.79,4,20,Wales,Online,VIP,Card,,No,3
101150,5766,2025-12-22,Furniture,Coffee Table,63.21,1,15,North East,Online,VIP,Card,3.0,No,2
102098,5774,2025-12-17,Bedding,Pillow Pair,13.3,3,25,London,Online,New,Card,4.3,No,2
100946,5107,2025-09-09,Bedding,Mattress Topper,30.09,1,0,South West,Online,Returning,Card,5.0,No,2
100641,5603,2025-07-19,Decor,Ceramic Vase,57.23,1,15,Wales,In-Store,Returning,Klarna,2.5,No,3
101521,5777,2025-10-18,Bedding,Cushion Cover,43.6,3,0,North East,In-Store,New,Gift Card,3.8,No,7
100780,5765,2025-08-05,Storage,Laundry Basket,40.48,3,0,South West,In-Store,Returning,PayPal,,No,0
101679,5831,2025-03-23,Kitchen,Chopping Board,31.91,1,5,South East,Online,New,Card,3.6,No,8
100811,5039,2025-06-18,Lighting,Desk Lamp,30.84,2,0,North West,Online,New,Card,3.8,No,1
101754,5355,2025-07-31,Decor,Ceramic Vase,40.58,2,10,Scotland,Online,Returning,Card,3.7,No,3
101280,5778,2025-12-21,Bedding,Mattress Topper,29.29,2,0,London,Online,Returning,Card,1.6,No,5
102060,5362,2025-01-12,Lighting,Fairy Lights,31.54,3,5,Midlands,Online,New,PayPal,4.5,No,1
100025,5703,2025-07-02,Storage,Laundry Basket,36.74,1,0,North West,Online,Returning,PayPal,4.9,Yes,2
100846,5004,2026-02-06,storage,Laundry Basket,32.06,2,10,South West,Online,VIP,PayPal,3.8,No,4
100378,5672,2025-07-25,Storage,Laundry Basket,56.39,1,0,Midlands,Online,VIP,PayPal,5.0,No,5
101800,5469,2025-08-25,Kitchen,Ceramic Mug Set,37.99,2,0,Wales,In-Store,VIP,Gift Card,4.4,No,4
100242,5525,2025-01-01,Kitchen,Ceramic Mug Set,53.49,1,0,North East,Online,Returning,PayPal,4.8,No,3
100652,5587,2025-06-28,Furniture,Accent Chair,24.51,1,20,South West,In-Store,New,PayPal,5.0,No,1
101602,5664,2025-09-22,Kitchen,Cast Iron Pan,24.25,1,10,North West,Online,Returning,Gift Card,4.4,No,5
101190,5006,2025-11-05,Lighting,Pendant Light,37.24,1,0,South West,Online,VIP,Card,4.8,No,4
101126,5759,2025-12-23,Decor,Ceramic Vase,57.52,1,5,Wales,In-Store,New,Gift Card,4.1,No,7
100301,5327,2025-11-15,Kitchen,Cast Iron Pan,37.67,2,15,North West,In-Store,New,Card,3.6,No,5
100455,5537,2026-01-23,Furniture,Console Table,60.82,1,0,Scotland,Online,New,PayPal,4.7,No,4
101027,5069,2025-09-21,Bedding,Cushion Cover,23.66,4,0,London,Online,New,Gift Card,4.2,No,4
100044,5319,2025-02-20,Lighting,Table Lamp,18.24,1,20,Midlands,Online,Returning,Card,3.9,No,4
101174,5159,2025-08-17,Kitchen,Chopping Board,30.34,3,0,South West,Online,Returning,Card,5.0,No,1
100640,5853,2026-03-19,Kitchen,Ceramic Mug Set,27.0,4,0,South West,Online,Returning,Card,5.0,No,4
101507,5822,2025-03-13,Lighting,Fairy Lights,59.53,1,10,South West,Online,New,Gift Card,3.9,No,1
100896,5550,2025-12-09,Kitchen,Chopping Board,45.53,1,5,South East,Online,Returning,Card,3.7,Yes,1
100218,5086,2025-04-29,Bedding,Mattress Topper,35.93,4,0,Midlands,Online,VIP,PayPal,4.4,No,2
102014,5829,2025-11-21,Kitchen,Cast Iron Pan,112.04,3,0,Wales,Online,Returning,Gift Card,4.7,No,3
100173,5694,2025-01-28,Lighting,Floor Lamp,21.23,1,0,North East,Online,New,Klarna,,No,3
101459,5237,2025-06-02,Storage,Wall Shelf Unit,48.45,4,5,Wales,In-Store,VIP,Card,4.2,No,3
101587,5740,2025-03-22,Storage,Shoe Rack,42.76,1,25,North West,Online,Returning,PayPal,3.1,No,2
101980,5715,2025-08-01,Storage,Drawer Organiser,32.91,1,0,South West,Online,Returning,Gift Card,3.2,No,4
100207,5687,2025-06-18,Bedding,Mattress Topper,24.51,4,0,London,In-Store,Returning,Card,3.7,No,3
101590,5026,2025-05-24,Decor,Woven Basket,58.06,1,0,London,Online,Returning,Klarna,4.3,No,4
100736,5604,2025-04-15,Furniture,Coffee Table,81.99,2,0,South East,Online,New,PayPal,3.7,No,7
102024,5539,2025-08-31,Kitchen,Chopping Board,48.65,1,20,London,Online,Returning,Gift Card,3.5,No,4
101089,5585,2025-03-21,Kitchen,Kettle,31.88,1,20,North West,Online,Returning,Card,4.8,No,0
100373,5369,2025-11-29,Decor,Wall Mirror,23.14,2,0,London,Online,New,Klarna,3.9,No,1
101977,5838,2025-05-19,Bedding,Pillow Pair,32.1,1,5,South West,Online,Returning,Card,4.2,No,3
101268,5335,2025-04-28,Lighting,Pendant Light,32.81,1,0,Midlands,Online,Returning,Card,3.8,No,4
100100,5125,2026-02-11,Decor,Wall Mirror,38.9,2,0,North West,In-Store,New,Card,3.0,No,5
101496,5388,2025-10-19,Furniture,Coffee Table,23.62,3,10,Scotland,Online,New,Card,4.2,No,8
100603,5665,2026-03-27,Kitchen,Kettle,33.72,2,10,Scotland,Online,Returning,Card,,No,0
100876,5454,2025-12-07,Storage,Shoe Rack,24.94,2,0,London,Online,New,Card,4.3,No,4
101676,5885,2025-10-02,Furniture,Oak Bookshelf,22.82,1,0,Wales,Online,Returning,Card,5.0,No,6
101756,5287,2026-03-05,Bedding,Mattress Topper,32.93,1,5,Midlands,Online,New,Gift Card,5.0,No,6
100072,5170,2025-05-25,Bedding,Pillow Pair,20.93,2,0,South East,Online,New,Card,4.6,No,1
100364,5804,2025-07-05,Bedding,Mattress Topper,61.37,2,0,South East,In-Store,Returning,Klarna,1.9,No,4
100515,5863,2025-08-19,Storage,Shoe Rack,23.63,1,0,Midlands,Online,Returning,PayPal,3.9,No,4
101784,5859,2025-11-03,Lighting,Pendant Light,33.36,1,0,North East,Online,Returning,PayPal,3.5,No,5
101492,5440,2025-10-13,Bedding,Cushion Cover,60.11,1,0,Midlands,Online,New,Card,5.0,No,5
100703,5150,2026-01-28,Kitchen,Cast Iron Pan,24.69,4,0,North East,Online,Returning,Card,4.9,No,3
100673,5572,2026-01-08,Kitchen,Chopping Board,26.69,3,0,Wales,In-Store,New,Card,3.0,No,4
101677,5134,2025-11-13,Kitchen,Chopping Board,65.74,1,0,North East,Online,New,PayPal,4.1,No,6
101138,5329,2025-01-23,Storage  ,Shoe Rack,58.14,3,20,London,In-Store,New,Card,5.0,No,2
100621,5390,2025-09-04,Lighting,Pendant Light,13.95,1,15,North West,Online,New,Card,4.3,No,5
101848,5488,2025-04-23,Lighting,Table Lamp,49.42,2,0,South West,In-Store,New,Gift Card,3.1,No,5
100804,5826,2026-03-14,Decor,Framed Print,24.68,2,0,Midlands,Online,Returning,Card,4.4,No,4
100141,5884,2025-07-12,Kitchen,Ceramic Mug Set,48.25,1,10,South East,In-Store,New,Klarna,3.5,No,1
101803,5409,2025-01-17,storage,Shoe Rack,85.33,3,0,Midlands,Online,Returning,Gift Card,3.5,No,3
100201,5329,2025-01-03,Bedding,Pillow Pair,66.4,1,0,North West,Online,Returning,Card,4.1,No,5
101630,5114,2025-03-10,Bedding,Pillow Pair,62.33,1,25,London,Online,VIP,Card,3.2,No,3
100451,5864,2026-02-05,Storage,Laundry Basket,47.86,1,0,Wales,Online,Returning,PayPal,3.6,No,3
101210,5866,2025-08-04,Kitchen,Ceramic Mug Set,93.66,1,0,London,Online,Returning,Card,4.2,No,3
101932,5433,2026-02-28,Bedding,Cushion Cover,27.55,4,0,Scotland,Online,Returning,PayPal,4.7,No,1
101088,5891,2025-04-02,Furniture,Console Table,34.64,3,10,Midlands,Online,Returning,Card,1.9,No,0
100937,5142,2025-09-22,Decor,Framed Print,36.26,1,0,Wales,In-Store,Returning,PayPal,3.5,No,6
101352,5353,2025-08-26,Bedding,Wool Throw,70.92,1,0,Scotland,Online,Returning,PayPal,3.4,No,4
100354,5391,2025-03-29,Storage,Drawer Organiser,90.49,2,0,South West,Online,New,Klarna,4.0,No,4
100594,5881,2025-09-01,Storage,Wall Shelf Unit,53.05,1,0,North West,Online,VIP,Card,4.2,No,3
100271,5265,2026-02-11,Furniture,Oak Bookshelf,77.66,1,5,London,Online,VIP,Card,3.2,No,3
101402,5217,2025-10-05,Kitchen,Knife Block,22.65,3,20,London,Online,New,PayPal,3.6,No,1
101539,5635,2025-11-01,Decor,Woven Basket,60.86,4,20,South East,Online,New,Card,4.5,No,2
100211,5235,2025-08-30,Decor,Ceramic Vase,64.47,1,10,Wales,In-Store,New,PayPal,4.9,No,1
100701,5468,2025-08-19,Furniture,Console Table,50.76,1,5,North West,Online,New,Gift Card,3.8,No,3
101982,5560,2025-06-14,Kitchen,Knife Block,47.53,2,15,South East,In-Store,Returning,Klarna,4.6,No,2
101189,5509,2025-05-12,Furniture,Bar Stool,49.17,2,20,Midlands,Online,New,PayPal,3.9,No,3
101776,5117,2025-11-12,Kitchen,Knife Block,20.87,3,0,Scotland,In-Store,New,Gift Card,3.0,No,2
101472,5628,2025-02-13,Bedding,Pillow Pair,22.14,4,0,Scotland,Online,Returning,Gift Card,4.4,No,1
101666,5356,2025-12-20,Lighting,Pendant Light,27.22,2,0,Midlands,Online,Returning,Klarna,5.0,No,1
101593,5345,2025-04-27,Kitchen,Chopping Board,33.35,1,10,Midlands,In-Store,New,Gift Card,5.0,No,3
101648,5597,2025-06-13,Decor,Wall Mirror,25.11,3,0,North West,Online,New,Klarna,3.8,No,3
100624,5375,2026-03-21,Storage,Storage Ottoman,42.43,2,5,South West,In-Store,Returning,Card,4.1,No,3
101328,5076,2025-02-10,Kitchen,Ceramic Mug Set,21.64,3,0,London,Online,VIP,Card,4.9,No,6
101337,5574,2025-01-14,Lighting  ,Floor Lamp,78.15,2,0,South East,Online,Returning,Card,5.0,No,3
102128,5562,2025-07-13,Decor,Candle Set,46.6,1,5,Wales,Online,Returning,Card,2.7,No,4
101807,5007,2025-04-25,Furniture,Coffee Table,39.8,1,0,North East,Online,Returning,PayPal,4.2,No,4
100233,5017,2025-03-15,Bedding,Mattress Topper,38.08,1,5,Wales,In-Store,Returning,Card,3.5,No,7
101206,5812,2025-06-10,Decor,Candle Set,25.68,1,0,London,Online,Returning,Card,4.0,No,4
100466,5869,2025-09-02,Decor,Framed Print,76.14,3,0,South West,Online,Returning,Card,4.9,No,3
101288,5211,2026-03-13,Decor,Framed Print,44.58,4,0,Midlands,Online,New,PayPal,3.6,No,2
100865,5761,2025-11-18,Furniture,Oak Bookshelf,67.31,2,10,Scotland,Online,Returning,Card,3.9,No,4
100420,5455,2026-03-07,Storage,Drawer Organiser,62.03,2,0,North East,Online,Returning,Card,4.4,No,6
102103,5154,2025-03-02,Storage,Shoe Rack,36.92,2,15,Wales,In-Store,New,Card,4.1,No,4
102164,5821,2026-03-17,Storage,Shoe Rack,16.82,1,5,London,Online,New,Card,5.0,No,4
100577,5833,2025-08-26,Bedding,Pillow Pair,62.97,3,0,Wales,In-Store,Returning,PayPal,5.0,No,7
100524,5742,2025-06-21,Furniture,Console Table,20.42,1,0,North West,Online,New,Card,3.0,No,5
100636,5617,2025-09-05,Bedding,Pillow Pair,51.47,2,0,London,Online,Returning,Gift Card,3.5,No,3
101512,5205,2026-03-31,Decor,Wall Mirror,47.05,1,10,North West,Online,Returning,PayPal,3.7,No,4
101413,5225,2025-10-05,Bedding,Cushion Cover,52.47,1,5,Midlands,In-Store,VIP,Gift Card,4.5,No,1
101335,5480,2025-02-09,Decor,Wall Mirror,20.15,1,25,South East,In-Store,Returning,Card,3.5,No,2
101894,5639,2025-07-22,Kitchen,Chopping Board,52.37,2,0,North West,Online,New,Card,5.0,No,4
100611,5750,2025-08-22,Kitchen,Kettle,48.05,4,0,South East,Online,New,Card,4.3,No,3
101214,5780,2025-02-12,Kitchen,Chopping Board,34.47,3,15,Midlands,Online,Returning,PayPal,3.9,No,2
100859,5602,2025-06-27,Kitchen,Chopping Board,58.51,2,0,South West,In-Store,VIP,PayPal,5.0,No,2
100059,5669,2025-01-01,Kitchen,Cast Iron Pan,86.04,1,0,South East,Online,Returning,PayPal,2.6,No,9
100741,5735,2025-11-22,Storage,Shoe Rack,67.07,2,0,Wales,Online,New,Gift Card,3.0,No,4
100326,5207,2025-05-28,Kitchen,Cast Iron Pan,42.56,2,20,North East,Online,New,Card,4.2,Yes,2
101391,5275,2025-02-20,Decor,Wall Mirror,36.98,1,0,South West,Online,Returning,Card,,No,5
100962,5367,2026-02-09,Storage,Shoe Rack,62.63,1,0,Wales,Online,New,PayPal,3.3,No,1
100518,5059,2025-11-11,Storage,Wall Shelf Unit,22.46,4,0,North West,Online,Returning,Klarna,2.4,No,4
100825,5560,2025-06-20,Lighting,Desk Lamp,73.58,1,25,Midlands,Online,New,Card,3.1,No,0
100752,5133,2025-08-20,Decor,Wall Mirror,63.5,4,0,South West,Online,New,Klarna,3.5,No,6
100368,5284,2025-10-16,Kitchen,Kettle,36.68,3,0,South West,Online,Returning,Klarna,4.5,No,2
101052,5328,2025-12-06,Bedding,Wool Throw,43.63,4,0,Scotland,Online,New,Card,4.2,No,3
100351,5479,2025-10-25,Bedding,Cushion Cover,56.69,1,0,Scotland,In-Store,VIP,PayPal,4.8,No,1
101433,5154,2025-01-17,Bedding,Linen Duvet Set,49.42,1,5,North East,Online,Returning,Klarna,5.0,No,4
101658,5786,2025-01-09,Furniture,Oak Bookshelf,37.7,1,0,London,Online,New,Card,5.0,No,3
101157,5108,2025-01-26,Bedding,Mattress Topper,29.69,2,0,London,Online,Returning,Klarna,5.0,Yes,3
101954,5418,2026-03-21,Furniture,Accent Chair,37.74,2,5,Wales,In-Store,Returning,Card,4.2,No,5
100719,5212,2026-01-22,kitchen,Kettle,63.62,4,20,North West,In-Store,New,Card,4.8,No,2
102194,5196,2025-01-31,Bedding,Cushion Cover,49.28,2,25,South West,In-Store,New,Card,4.4,No,5
100230,5159,2025-05-04,Decor,Wall Mirror,34.71,4,15,North West,In-Store,VIP,Card,4.1,No,6
102034,5610,2025-05-01,Decor,Wall Mirror,23.3,2,5,North West,Online,New,Klarna,4.2,No,0
100468,5536,2026-03-16,Kitchen,Cast Iron Pan,61.19,1,0,,Online,New,PayPal,3.8,No,6
101152,5454,2026-03-04,Kitchen,Knife Block,93.41,4,0,Wales,Online,Returning,PayPal,4.7,Yes,4
102199,5513,2025-02-01,Kitchen,Knife Block,50.65,4,5,South East,Online,Returning,Card,4.3,No,3
101464,5045,2026-03-14,Bedding,Linen Duvet Set,37.8,4,0,Midlands,Online,Returning,Card,4.5,No,2
100118,5125,2025-07-18,decor,Wall Mirror,39.51,2,10,South West,In-Store,Returning,Card,3.5,No,5
101037,5812,2025-06-15,Storage,Wall Shelf Unit,65.64,1,0,Wales,In-Store,Returning,PayPal,4.1,No,4
100931,5483,2025-06-13,Furniture,Console Table,51.2,3,5,North West,In-Store,VIP,Card,4.4,No,2
101770,5177,2025-10-09,Kitchen,Ceramic Mug Set,68.86,1,0,London,Online,Returning,Gift Card,2.8,No,2
101232,5660,2025-12-17,Bedding,Wool Throw,92.75,3,0,Midlands,Online,VIP,Card,3.5,No,4
102171,5018,2025-09-12,Lighting,Floor Lamp,40.44,2,0,North West,In-Store,Returning,PayPal,2.5,No,0
100399,5252,2026-03-17,Storage,Shoe Rack,39.86,1,0,Wales,In-Store,Returning,Card,3.9,No,4
100922,5515,2026-03-31,Lighting,Pendant Light,41.69,1,0,Midlands,Online,New,Card,4.4,Yes,2
100984,5583,2025-01-27,Kitchen,Cast Iron Pan,88.01,2,25,South West,Online,New,Card,5.0,No,3
101831,5319,2025-09-04,Bedding,Linen Duvet Set,48.62,4,20,Wales,Online,Returning,Card,2.8,No,2
100071,5716,2025-05-26,Bedding,Linen Duvet Set,48.43,1,15,Scotland,In-Store,Returning,Klarna,3.9,No,4
101159,5345,2025-03-27,Bedding,Wool Throw,18.17,1,10,South West,Online,VIP,Card,3.6,No,3
100563,5443,2025-06-15,Kitchen,Kettle,25.5,1,0,Scotland,Online,Returning,Card,5.0,No,4
100507,5477,2025-11-18,Storage,Laundry Basket,27.86,3,15,Wales,In-Store,New,PayPal,4.2,No,5
100010,5084,2025-03-04,Kitchen,Knife Block,22.05,1,5,South East,In-Store,New,Card,3.5,No,2
100952,5274,2025-04-13,Bedding,Pillow Pair,49.81,1,5,Midlands,In-Store,New,PayPal,5.0,No,2
100128,5688,2025-03-18,Kitchen,Kettle,33.33,1,5,North West,Online,Returning,Card,3.5,No,6
101517,5434,2025-06-09,Decor,Framed Print,34.79,4,5,London,In-Store,Returning,Card,4.2,No,3
100285,5397,2025-06-06,Decor,Ceramic Vase,45.41,1,0,South West,Online,New,Card,3.7,No,2
100448,5860,2025-12-24,Decor,Woven Basket,41.9,1,0,North West,Online,Returning,Klarna,4.6,No,5
101680,5463,2025-01-20,Furniture,Coffee Table,71.58,2,0,South East,Online,New,Gift Card,4.3,Yes,1
100948,5120,2026-01-16,Decor,Ceramic Vase,65.88,1,10,London,In-Store,New,Klarna,4.4,No,1
100126,5508,2026-01-10,Storage,Storage Ottoman,106.8,1,10,North East,Online,New,Card,4.1,No,4
101228,5886,2026-02-07,Storage,Laundry Basket,76.61,4,0,London,Online,New,Klarna,3.5,No,2
101343,5107,2025-02-08,Storage,Wall Shelf Unit,58.66,4,0,South East,Online,New,Card,3.3,No,2
101963,5128,2025-09-14,Storage,Drawer Organiser,40.95,2,0,Wales,In-Store,Returning,Klarna,4.0,No,3
100700,5085,2025-04-02,Furniture,Oak Bookshelf,81.82,4,0,North East,In-Store,New,Card,3.7,No,1
101681,5848,2026-01-29,Decor,Framed Print,21.33,2,0,North East,Online,New,Klarna,3.7,Yes,1
100038,5744,2025-05-04,Lighting,Table Lamp,65.34,1,0,North West,Online,New,Klarna,4.3,No,2
100489,5688,2025-10-18,Lighting,Floor Lamp,26.76,2,0,North East,Online,Returning,Klarna,4.7,Yes,5
100831,5221,2025-11-30,Decor,Wall Mirror,44.51,2,0,South East,Online,VIP,Card,5.0,No,3
100514,5734,2025-08-25,Kitchen,Kettle,36.83,3,0,North East,Online,New,Card,3.9,No,0
101783,5021,2025-11-02,Bedding,Mattress Topper,54.38,4,10,South East,Online,Returning,Card,4.4,No,3
102125,5670,2026-03-18,Kitchen,Ceramic Mug Set,76.13,1,5,South East,Online,New,Card,4.2,No,1
100109,5424,2025-05-21,Bedding,Wool Throw,32.2,4,5,North East,Online,New,Card,3.6,No,1
100431,5075,2026-03-02,Kitchen,Knife Block,41.18,1,15,Midlands,Online,New,Card,4.3,No,3
100824,5585,2025-04-01,Bedding,Mattress Topper,43.69,1,5,Scotland,In-Store,Returning,Card,4.3,No,1
102115,5667,2025-12-09,Kitchen,Ceramic Mug Set,40.5,1,0,North West,Online,VIP,Card,4.1,No,8
100469,5163,2025-02-04,bedding,Mattress Topper,20.23,2,0,North West,Online,Returning,PayPal,3.4,No,3
101096,5072,2025-12-29,Storage,Laundry Basket,75.02,2,0,South East,In-Store,New,Card,4.4,No,3
101297,5236,2025-02-16,Decor,Woven Basket,20.92,4,0,,Online,New,Klarna,5.0,No,1
101582,5194,2025-04-14,Decor,Candle Set,75.6,4,0,South West,Online,New,Card,5.0,No,1
101085,5180,2025-07-08,Kitchen,Cast Iron Pan,49.44,1,0,Wales,Online,Returning,Card,3.7,No,3
102150,5768,2025-06-10,Decor,Candle Set,67.31,1,0,Wales,In-Store,VIP,Klarna,3.8,No,3
100300,5019,2026-02-27,Furniture,Accent Chair,49.13,1,0,Scotland,Online,New,PayPal,4.3,No,3
100189,5214,2026-03-11,Decor,Wall Mirror,18.53,3,0,Wales,Online,New,Card,4.0,No,4
100702,5554,2025-12-31,Storage,Shoe Rack,41.52,1,10,North East,In-Store,VIP,Card,3.3,Yes,2
102078,5396,2025-12-14,Storage,Drawer Organiser,34.53,4,0,North West,In-Store,Returning,Card,3.3,No,3
100021,5450,2026-03-07,Lighting,Pendant Light,56.29,2,5,North East,Online,New,PayPal,4.2,No,4
102068,5816,2026-02-27,Decor,Ceramic Vase,25.89,3,0,North East,In-Store,New,Klarna,4.3,No,0
101880,5090,2025-12-14,Furniture,Accent Chair,48.65,2,15,North East,Online,Returning,Card,4.8,No,1
100653,5182,2025-02-21,Decor,Candle Set,88.63,4,0,Midlands,Online,New,Card,3.5,No,4
101845,5668,2025-07-08,Furniture,Console Table,48.77,3,10,South East,Online,New,Card,2.7,No,4
100387,5060,2025-06-18,Lighting,Table Lamp,60.31,4,5,Wales,Online,Returning,PayPal,4.4,No,5
100921,5785,2025-10-11,Kitchen,Kettle,56.01,1,0,South East,Online,Returning,Card,3.9,No,5
100893,5470,2025-11-24,Storage,Wall Shelf Unit,52.7,1,0,Wales,In-Store,Returning,Card,4.0,Yes,4
101209,5256,2025-10-27,Bedding,Cushion Cover,37.11,1,15,Scotland,Online,Returning,Card,4.6,No,3
100667,5452,2025-05-24,Furniture,Bar Stool,23.03,1,0,South East,Online,Returning,Card,4.7,No,6
100848,5046,2025-12-13,Bedding,Mattress Topper,30.5,1,0,Midlands,In-Store,New,Card,4.3,No,6
101204,5685,2026-03-24,Storage,Laundry Basket,62.82,2,0,Scotland,Online,New,Klarna,4.6,No,4
100579,5804,2025-06-26,Lighting,Fairy Lights,44.75,2,0,North East,Online,New,Klarna,4.7,No,5
101494,5299,2025-05-29,Bedding,Cushion Cover,22.01,4,0,South East,Online,VIP,Klarna,2.5,No,0
101117,5896,2025-10-15,Decor,Wall Mirror,59.65,1,10,South East,Online,VIP,Card,5.0,No,2
101962,5889,2025-06-28,Lighting,Floor Lamp,26.19,2,0,London,Online,Returning,Card,4.0,No,6
100463,5673,2025-03-10,Furniture,Oak Bookshelf,24.94,2,0,Scotland,Online,Returning,Card,4.5,No,4
101616,5155,2025-02-02,Furniture,Console Table,42.37,1,0,North East,Online,New,Card,2.9,No,1
100191,5615,2025-07-26,Bedding,Linen Duvet Set,48.15,1,15,Midlands,In-Store,Returning,Klarna,5.0,Yes,2
101140,5485,2026-01-30,Bedding,Mattress Topper,66.95,1,0,London,In-Store,New,Card,4.7,No,3
101480,5374,2025-11-30,Kitchen,Kettle,18.24,4,0,London,Online,New,Card,2.6,No,3
100929,5376,2025-08-18,Decor,Woven Basket,37.95,4,0,Scotland,Online,Returning,Card,3.7,No,4
100362,5801,2025-06-13,Bedding,Mattress Topper,49.67,1,0,London,In-Store,New,Klarna,4.0,No,1
101566,5409,2025-07-05,Decor,Wall Mirror,49.54,4,0,Midlands,Online,Returning,Klarna,3.1,No,4
100557,5662,2026-02-07,Storage,Laundry Basket,37.42,3,0,Midlands,In-Store,VIP,Card,4.8,No,7
101692,5800,2026-02-26,bedding,Mattress Topper,41.14,3,0,Scotland,Online,Returning,Gift Card,4.3,Yes,4
100143,5248,2025-09-06,Decor,Woven Basket,32.43,2,0,Scotland,Online,Returning,Card,4.6,Yes,1
101363,5315,2025-07-11,Storage,Wall Shelf Unit,170.36,1,0,Scotland,Online,Returning,Card,2.9,No,6
101428,5812,2025-04-18,Bedding,Cushion Cover,23.77,2,0,Wales,Online,Returning,Klarna,5.0,No,6
101916,5465,2025-08-05,Lighting,Pendant Light,17.4,4,0,North East,In-Store,VIP,PayPal,5.0,No,2
100839,5013,2025-05-09,Kitchen,Kettle,89.43,2,0,South East,Online,New,Card,3.8,No,3
101348,5630,2026-02-06,Storage,Wall Shelf Unit,27.14,1,5,South West,Online,New,Card,5.0,Yes,1
101957,5475,2025-11-18,Storage,Shoe Rack,27.01,3,0,South East,Online,Returning,Card,3.9,No,4
101121,5012,2025-02-08,Kitchen,Cast Iron Pan,24.71,1,0,South East,Online,Returning,Card,3.9,No,4
100805,5664,2025-11-17,Kitchen,Knife Block,51.63,1,0,Midlands,Online,Returning,PayPal,4.2,Yes,3
100186,5401,2026-02-03,Decor,Woven Basket,56.03,2,0,North East,Online,New,PayPal,4.2,No,5
100766,5702,2025-09-27,Bedding,Cushion Cover,34.91,2,0,London,Online,VIP,Card,5.0,No,3
101581,5266,2025-01-26,Kitchen,Chopping Board,40.87,4,0,Scotland,Online,New,PayPal,3.4,No,1
100161,5896,2025-10-23,Decor,Ceramic Vase,83.09,2,0,Midlands,Online,Returning,PayPal,4.2,No,3
101445,5125,2026-03-13,Kitchen,Ceramic Mug Set,32.73,1,15,Wales,In-Store,VIP,Klarna,4.6,No,3
100569,5578,2025-08-06,Decor,Candle Set,43.89,2,0,Wales,Online,Returning,PayPal,4.4,No,2
102123,5524,2025-07-30,Bedding,Mattress Topper,38.16,4,20,South East,Online,Returning,Klarna,3.8,No,3
100542,5049,2025-02-14,Decor,Wall Mirror,56.81,1,0,South West,Online,VIP,Card,4.7,No,4
102061,5804,2025-04-13,Storage,Shoe Rack,43.29,2,20,Wales,Online,VIP,PayPal,5.0,No,1
100264,5832,2025-09-24,Bedding,Wool Throw,51.96,1,20,Midlands,Online,Returning,Card,3.8,No,3
100369,5019,2025-06-22,Bedding,Mattress Topper,68.99,2,5,South East,Online,New,Card,4.6,No,2
100596,5721,2026-02-21,Bedding,Pillow Pair,40.87,3,5,South West,In-Store,New,Card,2.4,No,8
100580,5091,2025-01-21,Kitchen,Chopping Board,59.52,4,10,South West,In-Store,New,PayPal,2.2,No,1
102039,5889,2025-12-12,Bedding,Linen Duvet Set,44.84,3,0,North East,In-Store,Returning,Card,4.6,No,1
100148,5210,2025-12-09,Decor,Wall Mirror,61.46,4,0,Midlands,In-Store,Returning,Card,5.0,No,3
101540,5558,2026-01-14,Furniture,Accent Chair,26.75,3,0,London,In-Store,New,Card,4.1,No,6
101309,5373,2025-01-27,Decor,Ceramic Vase,43.59,1,5,Wales,Online,VIP,Card,3.1,No,2
100638,5267,2026-02-14,Lighting,Pendant Light,31.8,2,0,South East,Online,VIP,Gift Card,5.0,No,4
101398,5588,2025-09-10,Storage,Drawer Organiser,32.06,1,0,South East,In-Store,New,PayPal,4.9,No,3
100442,5270,2025-08-14,Decor,Framed Print,61.58,2,0,North East,Online,Returning,Card,5.0,No,2
100359,5081,2025-01-15,Furniture,Coffee Table,83.11,4,0,Wales,Online,VIP,Card,4.7,No,4
101247,5773,2025-05-26,Bedding,Pillow Pair,26.11,1,0,Midlands,Online,New,Klarna,4.6,No,2
101234,5674,2025-06-03,Lighting,Pendant Light,24.48,1,0,South West,Online,Returning,Card,4.2,No,4
102005,5718,2025-05-15,Decor,Candle Set,44.22,2,10,London,Online,New,Card,4.0,No,0
102113,5822,2025-06-08,Lighting,Table Lamp,50.58,2,0,Midlands,Online,Returning,Klarna,,No,4
100770,5338,2025-10-18,Kitchen,Kettle,28.58,2,10,South East,Online,New,Card,3.4,No,4
101139,5669,2026-01-26,Lighting,Fairy Lights,28.74,3,0,Scotland,Online,Returning,Card,5.0,No,4
101422,5895,2025-04-12,Lighting,Table Lamp,27.59,1,10,North West,In-Store,Returning,Card,3.6,No,7
102035,5887,2025-04-28,Kitchen,Ceramic Mug Set,26.94,2,0,South West,Online,New,Card,4.7,No,3
100833,5407,2025-09-14,Lighting,Floor Lamp,79.25,3,0,South West,Online,Returning,PayPal,3.9,No,1
101609,5212,2025-08-25,Storage,Storage Ottoman,78.09,1,5,Scotland,Online,New,Card,,No,2
101503,5206,2025-04-24,Bedding  ,Linen Duvet Set,32.74,4,20,Midlands,Online,New,Card,5.0,No,2
102030,5308,2025-01-07,Lighting,Fairy Lights,35.7,1,20,London,Online,Returning,PayPal,3.9,No,5
102176,5686,2025-09-23,Kitchen,Ceramic Mug Set,37.39,2,10,London,Online,VIP,Card,4.6,No,5
100471,5664,2025-12-27,Bedding,Cushion Cover,67.95,1,0,Scotland,Online,VIP,Card,4.7,No,2
101154,5818,2025-11-28,Lighting,Pendant Light,31.62,2,5,Midlands,Online,Returning,Card,3.5,No,8
102190,5527,2025-09-30,Bedding,Cushion Cover,64.47,4,0,Midlands,In-Store,New,Card,5.0,No,6
100604,5121,2025-01-29,Bedding,Pillow Pair,52.16,2,0,London,Online,New,Card,4.6,No,3
100187,5149,2026-03-10,Storage,Laundry Basket,52.11,4,0,Wales,In-Store,Returning,Card,2.9,Yes,3
101743,5410,2026-02-27,Kitchen,Chopping Board,56.85,2,20,South West,In-Store,New,Card,3.9,No,5
102135,5396,2026-02-22,Decor,Ceramic Vase,41.05,1,0,Wales,Online,Returning,Card,4.3,No,4
100993,5177,2025-11-02,Bedding,Linen Duvet Set,39.23,4,5,Wales,Online,VIP,Card,3.8,No,3
102148,5842,2025-03-11,Storage,Storage Ottoman,14.9,2,0,Wales,Online,New,PayPal,4.1,No,5
101043,5373,2026-02-13,Storage,Laundry Basket,25.38,2,0,Scotland,Online,New,Gift Card,1.9,No,1
100857,5220,2026-01-01,Bedding,Cushion Cover,47.15,1,15,North East,In-Store,New,Card,4.0,No,1
100144,5367,2025-12-02,Lighting,Floor Lamp,17.51,4,10,North East,In-Store,VIP,Klarna,4.6,No,4
100639,5713,2025-04-09,Furniture,Accent Chair,29.22,2,25,Midlands,Online,Returning,PayPal,4.9,No,1
101624,5014,2025-03-23,Kitchen,Cast Iron Pan,35.4,2,10,Midlands,Online,New,Gift Card,1.9,No,2
102196,5734,2025-08-22,Furniture,Accent Chair,53.4,1,25,London,Online,VIP,Card,5.0,No,2
100472,5723,2026-01-25,Furniture,Oak Bookshelf,51.76,1,0,South East,Online,New,Gift Card,3.8,No,3
100413,5251,2025-03-24,Furniture,Console Table,33.75,3,0,Wales,Online,Returning,Card,3.7,No,5
101998,5894,2025-02-26,Storage,Laundry Basket,33.03,2,5,South East,In-Store,New,PayPal,2.6,No,3
100756,5394,2026-03-29,Lighting,Table Lamp,33.31,1,0,Wales,In-Store,New,Card,4.4,No,3
101133,5714,2025-04-23,Kitchen,Ceramic Mug Set,18.33,2,0,North West,Online,New,PayPal,3.5,No,1
101688,5367,2025-03-22,Decor,Framed Print,38.54,2,10,Wales,Online,New,Card,4.9,Yes,3
100037,5772,2025-04-24,Kitchen,Cast Iron Pan,55.2,1,0,London,Online,New,Klarna,3.9,No,2
101168,5358,2025-05-11,Bedding  ,Linen Duvet Set,37.29,1,0,Midlands,In-Store,Returning,Card,5.0,No,1
101039,5393,2026-02-06,Lighting,Table Lamp,25.29,1,0,Midlands,In-Store,New,PayPal,3.9,No,6
101684,5716,2025-07-26,Furniture,Accent Chair,69.14,1,0,London,Online,Returning,PayPal,,No,6
102028,5855,2025-10-06,Kitchen,Ceramic Mug Set,62.87,2,0,Wales,In-Store,Returning,Card,5.0,No,3
101778,5146,2026-03-26,Kitchen,Cast Iron Pan,38.34,3,0,South East,Online,New,Card,3.8,No,3
100716,5719,2025-07-19,Kitchen,Kettle,33.44,2,15,Midlands,In-Store,VIP,PayPal,3.9,No,3
102188,5232,2025-01-27,Kitchen,Cast Iron Pan,33.18,2,0,London,In-Store,VIP,PayPal,4.4,Yes,2
101334,5726,2026-03-27,Kitchen,Chopping Board,44.64,1,15,Wales,Online,VIP,PayPal,,No,1
101313,5701,2025-02-28,storage,Shoe Rack,46.76,2,0,North East,Online,Returning,Card,3.3,No,6
100841,5260,2025-06-29,Furniture,Accent Chair,55.16,1,15,North East,Online,New,Klarna,3.2,No,4
101822,5688,2025-01-22,Kitchen,Knife Block,42.77,1,20,Wales,Online,Returning,Card,2.8,Yes,5
100401,5898,2026-01-28,Furniture,Coffee Table,35.89,3,5,Midlands,Online,New,Gift Card,3.9,No,2
101550,5004,2026-02-17,Kitchen,Ceramic Mug Set,32.63,3,0,South West,Online,New,Card,3.4,No,5
100152,5253,2025-12-08,Storage,Laundry Basket,41.49,1,0,South West,Online,Returning,Klarna,4.8,No,4
101079,5375,2026-03-28,Lighting,Pendant Light,49.89,1,0,Scotland,Online,New,Klarna,4.3,No,8
101003,5502,2025-12-17,Storage,Laundry Basket,52.59,3,0,South East,In-Store,New,PayPal,5.0,No,2
101840,5497,2025-06-20,Decor,Framed Print,26.7,2,10,Midlands,Online,Returning,Gift Card,,No,2
100718,5442,2026-03-07,Storage,Shoe Rack,53.97,2,0,North East,Online,New,Card,4.6,No,5
101353,5446,2026-03-04,Lighting,Floor Lamp,54.78,3,5,Scotland,Online,New,PayPal,4.7,No,3
100147,5031,2025-05-29,Storage,Shoe Rack,36.65,1,10,Midlands,In-Store,Returning,Card,5.0,No,3
100540,5019,2025-06-06,Bedding,Wool Throw,77.59,1,0,London,Online,New,Card,3.4,No,4
100675,5559,2025-06-24,Kitchen,Ceramic Mug Set,17.8,1,0,Midlands,Online,Returning,PayPal,5.0,No,4
101172,5567,2025-04-19,Kitchen,Cast Iron Pan,27.73,1,0,Midlands,In-Store,New,PayPal,4.5,No,1
101059,5382,2025-09-14,Bedding,Wool Throw,43.07,3,15,North West,In-Store,New,Card,5.0,No,0
101948,5825,2026-01-25,Decor,Ceramic Vase,56.97,4,0,Scotland,Online,Returning,Gift Card,4.6,No,3
101855,5096,2025-01-03,Decor,Framed Print,19.79,3,0,South East,Online,Returning,Card,4.7,No,6
102144,5549,2025-04-28,Lighting,Table Lamp,51.36,1,5,Scotland,In-Store,Returning,Gift Card,5.0,No,6
102127,5276,2026-01-22,Kitchen,Chopping Board,45.1,1,0,South East,In-Store,VIP,PayPal,3.9,No,3
100998,5324,2026-01-05,Kitchen,Kettle,34.48,4,0,Midlands,Online,Returning,PayPal,5.0,No,2
100743,5571,2025-12-14,Decor,Framed Print,40.7,3,0,South East,Online,VIP,Klarna,4.0,No,4
101304,5806,2025-04-02,Bedding,Pillow Pair,38.79,1,0,Scotland,Online,New,Card,4.7,No,4
102090,5017,2025-05-21,Bedding,Cushion Cover,31.25,2,0,Midlands,Online,Returning,Card,4.8,No,4
100730,5592,2025-10-25,Decor,Ceramic Vase,34.59,2,5,South East,In-Store,New,Card,3.7,No,2
100112,5702,2025-01-31,Kitchen,Cast Iron Pan,59.87,2,0,South West,Online,Returning,Klarna,3.6,No,6
102076,5367,2025-12-19,Kitchen,Cast Iron Pan,12.31,1,0,South East,Online,Returning,Gift Card,2.9,No,4
100422,5624,2025-06-28,Storage,Drawer Organiser,61.26,2,0,North East,Online,New,Gift Card,5.0,No,2
100345,5814,2026-01-02,Bedding,Cushion Cover,43.75,3,10,Scotland,Online,VIP,Card,4.5,No,1
101333,5382,2025-01-28,Furniture,Console Table,46.52,2,5,Midlands,Online,New,Card,4.2,No,5
100821,5021,2025-06-09,Furniture,Oak Bookshelf,35.57,1,25,Scotland,Online,Returning,Card,3.7,No,0
101927,5323,2025-01-21,Bedding,Mattress Topper,66.35,2,15,Scotland,In-Store,New,Card,2.9,No,2
101029,5508,2025-12-02,Bedding,Cushion Cover,44.58,1,0,North West,Online,Returning,Card,3.6,No,2
101498,5702,2025-07-07,Kitchen,Kettle,82.7,1,15,South West,Online,Returning,PayPal,2.7,No,3
100977,5085,2025-10-07,Storage,Drawer Organiser,36.45,1,5,South East,In-Store,Returning,Card,4.0,No,3
100142,5193,2025-06-29,Kitchen,Kettle,56.29,2,0,London,Online,VIP,PayPal,3.7,No,2
101603,5743,2026-01-02,Lighting,Fairy Lights,43.19,1,5,South East,In-Store,New,Card,5.0,No,3
100906,5638,2025-05-18,Bedding,Cushion Cover,39.18,3,5,Scotland,In-Store,New,PayPal,2.5,No,3
102096,5700,2026-03-29,Furniture,Accent Chair,52.22,1,10,Midlands,Online,New,PayPal,2.7,No,2
100464,5377,2025-08-14,Lighting,Pendant Light,23.79,3,25,North West,Online,VIP,Card,1.8,No,4
101826,5811,2025-03-05,Storage,Storage Ottoman,75.7,2,5,Scotland,Online,New,Card,4.9,No,2
102017,5372,2025-08-11,Bedding,Mattress Topper,27.04,3,0,Midlands,Online,Returning,PayPal,1.6,Yes,5
102097,5845,2025-07-22,Furniture,Bar Stool,38.63,1,0,South East,Online,New,PayPal,5.0,No,1
102124,5549,2025-05-01,Kitchen,Ceramic Mug Set,53.81,3,0,Scotland,Online,New,Card,4.6,No,4
101940,5186,2025-08-18,Decor,Framed Print,52.75,2,0,North West,In-Store,VIP,Klarna,3.7,No,3
100441,5875,2025-04-19,Decor,Framed Print,36.6,1,0,South West,In-Store,New,Gift Card,5.0,Yes,5
100340,5857,2025-08-13,Bedding,Pillow Pair,39.37,2,15,Midlands,In-Store,Returning,Card,4.1,Yes,2
100221,5114,2025-04-28,Kitchen,Chopping Board,85.53,3,0,London,In-Store,VIP,Card,3.9,No,6
100763,5854,2026-03-19,Kitchen,Chopping Board,34.96,4,0,Scotland,Online,Returning,Card,3.8,No,4
100416,5609,2025-11-01,Furniture,Accent Chair,73.93,3,0,Midlands,Online,New,Gift Card,4.8,No,5
101045,5638,2025-11-28,Kitchen,Chopping Board,47.18,2,15,Scotland,In-Store,VIP,Card,4.8,No,7
100669,5827,2026-01-27,Storage  ,Drawer Organiser,33.25,2,0,North West,Online,New,Card,1.6,No,2
101173,5352,2025-05-21,Storage,Laundry Basket,62.16,1,0,North East,In-Store,New,PayPal,3.7,No,3
100605,5743,2025-03-20,Kitchen,Chopping Board,20.37,2,10,Wales,Online,New,Klarna,3.4,No,1
101201,5791,2026-01-06,Kitchen,Cast Iron Pan,21.84,1,5,North East,Online,Returning,Klarna,4.4,No,5
100692,5715,2025-09-16,Storage,Shoe Rack,29.07,3,0,North East,In-Store,New,Klarna,4.1,No,4
102104,5116,2025-01-16,Lighting,Pendant Light,17.38,3,15,London,In-Store,Returning,PayPal,4.7,No,4
100095,5808,2025-11-22,Lighting,Pendant Light,31.99,1,0,Midlands,Online,Returning,PayPal,4.2,No,3
101178,5172,2025-09-23,Storage,Drawer Organiser,44.03,2,0,London,In-Store,Returning,Klarna,3.5,No,6
100880,5567,2025-07-23,Lighting,Table Lamp,50.72,2,0,Scotland,Online,Returning,Card,4.0,No,4
101871,5038,2025-02-14,Furniture,Accent Chair,72.97,3,0,North East,In-Store,Returning,Gift Card,4.7,No,2
101344,5517,2025-12-19,Lighting,Floor Lamp,51.53,2,0,,In-Store,Returning,Card,3.4,No,2
100299,5256,2025-01-15,Decor,Ceramic Vase,43.13,4,5,North West,In-Store,New,Card,5.0,No,3
100610,5771,2025-03-28,Kitchen,Ceramic Mug Set,31.06,2,0,Midlands,In-Store,New,Card,4.8,Yes,6
100886,5661,2025-06-14,Lighting,Floor Lamp,32.29,1,15,South East,In-Store,Returning,Card,5.0,No,4
100114,5413,2025-01-25,Kitchen,Ceramic Mug Set,37.86,1,5,South West,Online,Returning,Card,3.6,No,4
101406,5139,2025-03-03,Kitchen,Ceramic Mug Set,30.58,2,0,Midlands,In-Store,New,PayPal,5.0,No,1
100475,5570,2026-02-28,Bedding,Linen Duvet Set,39.94,4,0,London,Online,New,PayPal,4.6,Yes,4
101034,5282,2025-01-02,Kitchen,Chopping Board,55.75,2,5,North West,In-Store,VIP,Card,2.6,No,6
101084,5500,2025-02-14,Kitchen,Ceramic Mug Set,75.63,1,15,Scotland,In-Store,Returning,PayPal,5.0,No,6
101026,5050,2025-12-18,Decor,Framed Print,29.66,2,0,North West,Online,New,Gift Card,5.0,No,2
101667,5676,2025-08-26,Bedding,Wool Throw,38.3,1,10,North West,Online,Returning,Klarna,4.6,No,6
101192,5250,2025-08-27,Decor,Framed Print,24.67,2,0,North East,Online,New,Card,4.2,No,3
100654,5723,2025-02-10,Lighting,Desk Lamp,38.69,3,0,South East,Online,New,Card,2.4,No,4
101011,5241,2026-03-13,Lighting,Desk Lamp,44.63,2,5,Midlands,Online,New,Card,5.0,No,2
101574,5731,2025-02-27,Decor,Wall Mirror,40.36,2,5,London,Online,Returning,Card,3.5,No,2
102022,5593,2025-08-25,Kitchen,Cast Iron Pan,20.68,3,15,Wales,Online,New,Gift Card,4.7,No,3
101898,5787,2025-03-08,Bedding,Mattress Topper,48.83,2,0,Scotland,Online,VIP,Card,4.5,No,2
101921,5353,2025-11-27,Storage,Wall Shelf Unit,27.06,1,0,North West,Online,New,Klarna,5.0,No,2
101815,5795,2025-05-09,Bedding,Pillow Pair,26.63,2,0,South West,Online,New,Card,5.0,No,4
100096,5259,2025-12-31,Kitchen,Knife Block,77.67,2,0,North West,Online,Returning,Klarna,5.0,No,4
101330,5307,2025-02-24,Furniture,Console Table,52.76,2,0,Scotland,In-Store,Returning,PayPal,4.3,No,4
100319,5844,2025-03-07,Bedding,Wool Throw,55.98,1,10,Midlands,In-Store,Returning,PayPal,4.6,No,4
101083,5862,2026-03-18,Lighting,Floor Lamp,30.97,4,0,,Online,Returning,Gift Card,3.5,No,3
100717,5465,2025-10-10,lighting,Pendant Light,38.92,1,25,North West,Online,Returning,Card,3.1,No,3
102142,5787,2025-07-10,Kitchen,Chopping Board,25.1,1,0,Midlands,Online,New,PayPal,,Yes,1
100738,5300,2025-11-25,Kitchen,Cast Iron Pan,35.67,1,0,Wales,Online,New,Klarna,4.7,No,2
100348,5842,2025-09-24,Kitchen,Cast Iron Pan,53.39,3,0,South West,Online,Returning,Gift Card,5.0,No,3
102153,5770,2025-09-08,Bedding,Cushion Cover,45.9,3,25,Scotland,Online,Returning,Card,5.0,No,1
101048,5540,2025-02-10,Decor,Woven Basket,38.41,2,5,Scotland,In-Store,VIP,Gift Card,5.0,No,1
100117,5033,2025-02-09,Kitchen,Cast Iron Pan,53.15,1,5,South West,In-Store,New,Card,4.7,No,3
102121,5692,2025-10-27,Decor,Candle Set,55.27,1,15,North West,Online,Returning,Card,3.6,No,4
100789,5490,2026-02-16,Kitchen,Knife Block,32.25,2,0,Midlands,In-Store,VIP,Card,4.4,No,1
102189,5415,2025-06-03,decor,Ceramic Vase,60.68,2,25,Wales,Online,New,Klarna,3.6,No,4
100005,5389,2025-07-26,Lighting,Pendant Light,30.79,1,0,Scotland,Online,Returning,Gift Card,4.4,No,5
101314,5768,2025-03-06,Storage,Wall Shelf Unit,31.91,3,0,Wales,In-Store,Returning,PayPal,4.3,No,0
102082,5082,2026-02-12,Lighting,Table Lamp,33.05,4,0,North West,In-Store,New,Card,1.9,No,6
101758,5547,2025-12-01,Storage,Shoe Rack,51.41,3,25,South East,Online,Returning,Card,2.4,No,5
101638,5559,2025-09-30,Kitchen,Cast Iron Pan,44.88,1,0,London,In-Store,New,Klarna,3.1,No,2
101122,5075,2025-03-15,Furniture,Oak Bookshelf,40.7,3,0,North East,Online,Returning,Klarna,3.6,No,5
101908,5145,2026-01-19,Decor,Candle Set,45.19,3,5,London,Online,Returning,Gift Card,3.4,No,2
100849,5737,2025-03-19,Storage,Drawer Organiser,36.83,4,0,North East,Online,Returning,Card,4.7,No,7
101120,5443,2025-01-16,Lighting,Fairy Lights,55.61,1,15,Midlands,Online,Returning,Klarna,3.7,No,6
102053,5325,2026-03-22,Kitchen,Kettle,22.21,2,25,North East,Online,New,PayPal,4.0,No,2
101258,5499,2025-01-15,Storage,Wall Shelf Unit,74.76,4,0,London,In-Store,Returning,PayPal,5.0,No,4
100708,5515,2026-03-08,Kitchen,Knife Block,35.09,2,0,Scotland,Online,New,Card,4.5,Yes,1
100082,5393,2025-06-10,Kitchen,Ceramic Mug Set,40.26,4,0,London,In-Store,VIP,Card,3.9,Yes,2
101687,5385,2025-02-07,Storage,Drawer Organiser,60.36,1,0,London,Online,New,Card,4.2,No,3
101078,5149,2025-04-22,Bedding,Mattress Topper,47.94,1,15,London,Online,Returning,PayPal,3.4,No,2
100453,5449,2026-03-26,Decor,Framed Print,38.93,1,0,South East,Online,New,Card,3.6,No,6
101455,5514,2025-11-01,Lighting,Table Lamp,114.84,1,0,North West,In-Store,Returning,Card,3.9,No,2
100454,5022,2025-06-19,Decor,Woven Basket,55.55,3,0,South East,Online,VIP,Card,4.8,No,4
101675,5645,2025-10-10,Storage,Storage Ottoman,33.43,2,5,North West,Online,New,Gift Card,3.8,No,3
102182,5216,2025-02-22,Lighting,Floor Lamp,19.02,1,20,North West,Online,Returning,Klarna,3.7,No,4
101125,5756,2025-07-17,bedding,Linen Duvet Set,30.63,1,25,North East,Online,New,Card,2.8,No,2
101636,5482,2025-11-26,Furniture,Oak Bookshelf,29.71,2,5,London,Online,Returning,Card,3.3,No,2
100331,5492,2026-02-21,Bedding,Pillow Pair,36.05,4,0,North West,Online,Returning,Card,4.7,No,2
100110,5634,2025-08-31,Storage,Wall Shelf Unit,37.87,4,0,South East,In-Store,Returning,Klarna,5.0,No,4
101075,5420,2025-04-21,Decor,Woven Basket,38.76,4,0,Wales,Online,Returning,Gift Card,5.0,No,6
101600,5637,2025-01-25,Lighting,Pendant Light,61.63,4,0,South West,Online,New,PayPal,4.1,No,4
101269,5857,2025-08-27,Lighting,Floor Lamp,55.5,1,0,North East,In-Store,New,Card,3.9,No,3
100528,5129,2025-01-19,Kitchen,Ceramic Mug Set,13.05,1,0,Wales,In-Store,New,Card,2.4,No,5
102141,5630,2025-01-24,Kitchen,Cast Iron Pan,50.49,1,10,London,Online,VIP,Card,4.4,No,2
101481,5136,2025-11-19,Decor,Candle Set,32.19,2,5,South West,In-Store,Returning,Klarna,4.0,No,1
100312,5605,2026-01-23,Furniture,Bar Stool,45.01,2,0,North West,Online,New,Card,3.8,No,4
101325,5779,2025-05-13,Bedding,Cushion Cover,65.17,4,5,Scotland,Online,Returning,Card,4.4,Yes,3
100020,5405,2025-03-29,Lighting,Table Lamp,25.61,1,0,Wales,In-Store,Returning,Card,4.2,No,7
101649,5879,2025-12-03,Lighting,Pendant Light,53.21,1,0,Scotland,Online,Returning,Card,4.6,Yes,4
100358,5802,2026-01-30,Lighting,Pendant Light,56.29,4,25,North West,Online,Returning,Klarna,,No,2
100361,5761,2025-09-20,Bedding,Mattress Topper,35.56,1,10,Midlands,In-Store,Returning,Gift Card,3.9,No,4
101233,5873,2025-04-05,Storage,Drawer Organiser,51.47,2,0,London,Online,New,Card,3.5,No,2
100705,5116,2025-10-24,Furniture,Oak Bookshelf,23.97,2,0,Wales,In-Store,New,Card,4.5,No,3
101981,5591,2025-10-25,Decor,Framed Print,79.17,1,0,Wales,Online,Returning,Klarna,2.7,No,1
100393,5330,2025-08-31,Bedding,Cushion Cover,19.86,1,20,Wales,In-Store,New,Gift Card,5.0,No,5
100597,5521,2026-02-01,Bedding,Wool Throw,49.61,2,0,South East,In-Store,Returning,Card,4.5,No,2
101160,5306,2025-08-28,Bedding,Cushion Cover,21.13,1,0,Wales,Online,New,Gift Card,3.0,No,5
100223,5633,2025-02-17,Decor,Candle Set,56.15,1,0,North West,Online,VIP,PayPal,4.8,No,1
101023,5781,2025-12-19,Decor,Framed Print,27.65,2,0,London,Online,VIP,Card,4.9,No,3
101900,5305,2025-06-03,Storage,Storage Ottoman,79.22,2,0,North East,Online,VIP,Klarna,3.8,No,1
100722,5838,2025-12-17,Kitchen,Knife Block,41.87,2,10,Midlands,Online,VIP,Card,4.6,No,2
101016,5753,2025-05-01,decor,Wall Mirror,59.24,1,0,Scotland,Online,Returning,Card,5.0,No,2
100398,5176,2025-11-26,Furniture,Accent Chair,53.94,1,0,Scotland,In-Store,New,Card,5.0,No,4
100670,5118,2025-04-04,Kitchen,Kettle,56.83,1,0,,Online,Returning,Card,5.0,No,5
100314,5253,2025-12-10,Kitchen,Chopping Board,45.03,2,0,London,Online,VIP,Card,5.0,No,5
100288,5514,2025-01-26,Decor,Ceramic Vase,66.92,2,0,Midlands,In-Store,New,Card,3.7,No,3
101538,5099,2025-08-29,Decor,Wall Mirror,55.67,1,10,Scotland,Online,New,Card,3.3,No,2
101359,5092,2025-03-18,Bedding,Cushion Cover,24.38,1,5,Midlands,Online,New,Klarna,2.9,No,1
101051,5457,2025-06-03,Storage,Shoe Rack,34.57,2,0,North West,In-Store,New,Gift Card,4.5,No,3
100439,5072,2025-03-10,Decor,Candle Set,28.37,1,0,Midlands,In-Store,Returning,PayPal,3.8,No,3
101270,5043,2026-01-30,Storage,Laundry Basket,22.17,3,5,South West,Online,Returning,Card,4.2,No,3
101289,5091,2025-07-21,Kitchen,Knife Block,21.83,3,10,South East,Online,Returning,PayPal,3.8,No,5
100661,5159,2025-03-30,Furniture,Oak Bookshelf,36.9,1,5,Wales,In-Store,Returning,PayPal,3.8,No,2
100884,5139,2025-04-20,Decor,Ceramic Vase,34.23,4,0,Scotland,In-Store,Returning,PayPal,3.1,No,4
100018,5115,2026-03-31,Storage,Drawer Organiser,45.24,1,0,Wales,Online,New,Klarna,3.5,No,5
101385,5347,2025-12-09,Storage,Drawer Organiser,53.5,1,25,London,Online,VIP,Card,3.2,No,6
101798,5167,2026-01-20,Furniture,Accent Chair,19.76,4,15,South West,Online,New,Card,3.1,No,3
100282,5437,2026-01-27,Lighting,Table Lamp,36.97,2,0,Scotland,Online,New,Card,5.0,No,8
101917,5253,2025-01-09,Bedding,Mattress Topper,41.17,2,0,Wales,Online,Returning,Klarna,3.4,Yes,5
100352,5040,2025-05-27,Furniture,Oak Bookshelf,42.39,1,0,North East,In-Store,Returning,Klarna,4.6,Yes,5
101972,5828,2025-04-30,Decor,Candle Set,38.42,2,0,London,Online,Returning,Gift Card,3.1,No,5
100747,5478,2025-09-25,Lighting,Table Lamp,40.81,1,20,South East,Online,Returning,Card,3.9,No,5
100842,5590,2025-05-13,Storage,Laundry Basket,61.35,1,5,South West,In-Store,Returning,Klarna,4.2,No,2
100043,5630,2025-07-25,Lighting,Fairy Lights,30.01,4,15,North West,Online,VIP,Card,3.3,No,2
101404,5290,2025-10-11,Lighting,Floor Lamp,35.69,1,0,North East,Online,Returning,Card,4.1,No,2
100102,5179,2025-03-07,Decor,Woven Basket,20.72,1,5,North East,Online,Returning,Card,4.8,No,4
100276,5434,2025-07-12,Kitchen,Kettle,36.99,1,10,London,Online,Returning,Card,3.6,No,5
100287,5144,2025-04-22,Decor,Candle Set,53.8,2,5,Scotland,In-Store,New,PayPal,3.9,No,3
100447,5282,2025-09-16,Decor,Woven Basket,35.76,2,15,South East,Online,Returning,PayPal,4.1,No,6
101877,5209,2026-03-22,Bedding,Wool Throw,49.93,2,0,London,In-Store,Returning,PayPal,4.9,No,4
100250,5037,2025-03-20,Bedding,Mattress Topper,36.29,2,0,North East,In-Store,Returning,Card,5.0,No,5
100135,5715,2025-09-09,Furniture,Accent Chair,47.68,1,5,Scotland,Online,VIP,Klarna,3.8,No,3
100575,5006,2025-09-06,Decor,Framed Print,24.91,1,0,Midlands,In-Store,Returning,Klarna,3.1,Yes,3
100573,5254,2025-04-03,Storage,Shoe Rack,48.65,2,5,North East,In-Store,New,Card,3.4,No,4
100595,5288,2025-02-01,Decor,Wall Mirror,33.79,1,0,South East,Online,New,Card,5.0,No,6
101693,5591,2025-07-18,Bedding,Linen Duvet Set,23.27,1,5,Midlands,Online,Returning,Gift Card,2.7,No,1
100573,5254,2025-04-03,Storage,Shoe Rack,48.65,2,5,North East,In-Store,New,Card,3.4,No,4
101897,5516,2025-09-01,Bedding,Linen Duvet Set,37.99,4,0,South East,Online,New,Gift Card,4.0,No,1
100411,5156,2026-03-18,Storage,Laundry Basket,23.01,1,15,Wales,Online,Returning,Card,3.9,No,1
101689,5845,2025-03-05,Storage,Drawer Organiser,28.18,4,0,North West,Online,VIP,Card,3.0,No,2
100916,5412,2025-08-15,Bedding,Mattress Topper,37.86,4,0,South East,Online,New,Klarna,3.6,No,2
101082,5890,2025-12-10,Kitchen,Kettle,80.37,1,0,South West,Online,New,PayPal,4.6,No,1
101467,5572,2025-09-25,Kitchen,Cast Iron Pan,39.76,1,0,Wales,Online,Returning,Klarna,5.0,No,1
100695,5081,2025-04-29,Storage,Wall Shelf Unit,80.84,2,10,Midlands,Online,New,Card,4.7,No,4
102126,5229,2025-06-28,Bedding,Linen Duvet Set,87.16,1,0,North East,Online,New,Card,3.4,No,2
101974,5307,2025-06-11,Lighting,Table Lamp,29.01,1,15,London,Online,New,Card,5.0,No,6
100325,5877,2025-01-29,Storage,Shoe Rack,22.91,1,10,London,Online,New,PayPal,4.7,Yes,0
102013,5137,2025-07-09,Furniture,Coffee Table,39.86,1,15,London,Online,Returning,PayPal,3.8,No,4
100541,5638,2025-03-26,Kitchen,Chopping Board,33.78,3,0,Midlands,In-Store,New,Klarna,5.0,Yes,2
100356,5893,2025-02-16,Decor,Wall Mirror,47.64,1,0,South West,In-Store,New,Card,3.2,No,2
100494,5542,2025-07-13,Storage,Drawer Organiser,75.74,1,0,North West,In-Store,New,Card,4.3,No,4
100360,5673,2025-09-26,Kitchen,Ceramic Mug Set,44.92,1,0,North East,In-Store,Returning,PayPal,3.3,No,4
102079,5232,2025-11-30,Lighting,Fairy Lights,35.03,3,15,South West,Online,New,Card,4.1,Yes,2
100225,5649,2025-06-08,Storage,Drawer Organiser,49.15,3,5,South East,Online,VIP,Card,3.6,No,4
100861,5871,2025-04-24,Bedding,Linen Duvet Set,31.22,4,15,North West,Online,New,Card,3.4,No,3
101678,5377,2025-04-22,Storage,Wall Shelf Unit,29.82,1,0,Scotland,Online,VIP,Gift Card,,No,5
101910,5846,2025-05-28,Bedding,Cushion Cover,61.58,2,0,North West,Online,New,PayPal,3.7,No,3
101237,5004,2025-05-14,Lighting,Pendant Light,14.59,1,0,North East,Online,Returning,Card,2.8,No,1
101975,5503,2025-07-02,Decor,Wall Mirror,37.02,4,0,North East,Online,Returning,Card,2.9,Yes,4
100004,5394,2025-06-02,Kitchen,Chopping Board,61.23,2,5,Midlands,Online,New,Card,4.2,No,2
100216,5245,2025-08-10,Kitchen,Ceramic Mug Set,33.54,3,0,London,In-Store,New,PayPal,2.3,No,4
100099,5573,2025-04-11,Kitchen,Chopping Board,69.93,1,5,Scotland,In-Store,Returning,Klarna,2.9,No,5
100759,5115,2025-08-22,Lighting,Fairy Lights,34.9,1,0,North East,In-Store,Returning,PayPal,5.0,No,7
101508,5431,2025-12-11,Bedding,Wool Throw,33.54,3,20,,Online,Returning,PayPal,4.1,No,7
101497,5496,2025-05-21,lighting  ,Pendant Light,14.59,2,5,South West,Online,Returning,Klarna,4.6,Yes,3
101793,5309,2025-03-05,Kitchen,Cast Iron Pan,81.34,3,0,Midlands,Online,VIP,Card,3.8,No,8
101824,5789,2025-05-11,Storage,Storage Ottoman,50.06,1,15,North West,Online,Returning,Gift Card,4.0,No,3
101103,5827,2025-10-01,Lighting,Floor Lamp,53.33,3,0,London,Online,New,PayPal,3.6,No,3
102160,5300,2026-03-18,Decor,Woven Basket,70.68,1,0,North West,In-Store,New,Card,2.8,No,7
100168,5150,2025-03-22,Furniture,Accent Chair,26.65,1,15,South West,In-Store,Returning,Card,4.1,No,5
101253,5066,2025-07-25,Kitchen,Chopping Board,32.22,4,0,South East,Online,VIP,Klarna,3.7,No,3
101514,5297,2025-04-12,Decor,Framed Print,69.58,1,20,Midlands,Online,Returning,Card,3.8,No,1
100493,5678,2026-02-19,Storage,Laundry Basket,91.09,4,10,North West,Online,Returning,PayPal,5.0,No,1
100456,5499,2025-09-15,Storage,Storage Ottoman,51.69,3,5,Scotland,Online,New,Card,5.0,No,7
101730,5094,2025-12-03,Storage,Storage Ottoman,23.77,2,5,South West,Online,Returning,Card,4.6,No,6
101305,5549,2025-01-08,Decor,Ceramic Vase,31.54,4,0,Scotland,Online,Returning,Card,4.0,No,2
100522,5131,2025-11-01,Decor,Candle Set,59.13,2,0,Wales,Online,Returning,Card,4.9,No,4
102015,5582,2025-11-08,Bedding,Linen Duvet Set,60.43,2,10,Scotland,In-Store,VIP,Card,4.1,No,3
101239,5267,2026-03-02,Kitchen,Kettle,61.29,1,5,Midlands,Online,Returning,Klarna,5.0,No,3
100014,5685,2025-02-22,Furniture,Console Table,52.14,3,0,South West,Online,New,Card,4.8,No,2
100390,5137,2025-06-07,furniture,Accent Chair,31.13,1,5,South East,In-Store,New,Card,4.6,No,3
100872,5181,2025-08-07,Storage,Drawer Organiser,51.65,2,0,Wales,Online,Returning,Card,5.0,No,4
101525,5543,2025-01-05,Decor,Ceramic Vase,56.56,2,0,Wales,Online,New,Card,5.0,No,4
101241,5457,2026-03-08,Lighting,Pendant Light,52.26,2,0,Wales,In-Store,Returning,PayPal,4.3,No,2
100739,5664,2026-02-15,Lighting,Pendant Light,36.11,3,0,North East,In-Store,New,PayPal,4.1,No,5
100607,5290,2025-05-12,Lighting,Desk Lamp,43.87,4,0,London,Online,VIP,PayPal,2.7,Yes,3
101821,5281,2025-03-02,Lighting,Floor Lamp,42.81,4,0,North East,Online,New,Card,4.7,No,4
101308,5213,2026-01-05,Decor,Wall Mirror,28.37,3,10,North West,In-Store,Returning,Gift Card,4.1,No,2
101179,5233,2026-01-26,Furniture,Accent Chair,16.66,3,0,South West,Online,Returning,Gift Card,4.5,No,4
100658,5569,2025-12-21,Furniture,Bar Stool,36.59,1,0,Scotland,In-Store,VIP,Card,5.0,No,5
101553,5479,2026-03-14,Furniture,Accent Chair,29.19,1,0,London,Online,Returning,PayPal,4.3,No,1
100817,5038,2025-08-31,Storage,Wall Shelf Unit,21.68,2,15,South East,In-Store,Returning,Card,4.5,Yes,3
100502,5586,2025-12-28,Bedding,Cushion Cover,92.69,1,0,North West,In-Store,Returning,Card,4.2,No,4
102088,5596,2026-01-02,Kitchen,Chopping Board,48.46,2,20,Scotland,In-Store,Returning,Card,2.9,No,3
101876,5108,2025-01-11,Furniture,Bar Stool,51.3,3,0,North East,In-Store,Returning,Card,4.5,No,1
100429,5022,2025-10-08,Lighting,Desk Lamp,40.49,4,15,London,Online,New,Card,3.1,No,5
100987,5554,2025-12-15,Decor,Ceramic Vase,26.21,1,20,South East,Online,New,Klarna,5.0,No,2
101544,5512,2025-07-20,Bedding,Mattress Topper,23.0,1,10,South East,Online,VIP,Card,5.0,No,4
101134,5686,2026-01-22,lighting,Floor Lamp,33.37,1,0,London,In-Store,VIP,PayPal,4.1,No,4
100026,5579,2025-10-09,Lighting,Fairy Lights,60.06,1,5,Wales,Online,Returning,Klarna,3.1,No,1
100863,5108,2025-06-24,Lighting,Table Lamp,19.65,2,10,North East,Online,Returning,PayPal,4.6,No,2
101733,5629,2025-11-16,Bedding,Mattress Topper,39.3,2,15,North East,In-Store,Returning,Klarna,3.6,No,4
100685,5152,2025-06-11,Bedding,Pillow Pair,31.79,2,0,North West,Online,New,Card,2.5,No,3
101786,5219,2025-06-04,Kitchen,Kettle,22.1,2,0,Midlands,In-Store,VIP,Card,3.5,No,1
101529,5018,2025-06-05,Decor,Candle Set,61.97,2,10,North East,Online,Returning,Klarna,,Yes,5
100116,5511,2025-01-01,Lighting,Pendant Light,79.53,1,0,Wales,In-Store,Returning,Card,2.7,No,6
100689,5400,2025-03-09,Kitchen,Knife Block,35.99,1,0,Midlands,Online,VIP,Gift Card,3.5,No,4
100986,5587,2026-03-08,Kitchen,Knife Block,26.32,1,0,South East,In-Store,Returning,Card,5.0,No,3
100371,5302,2025-12-31,Kitchen,Knife Block,43.58,2,15,North East,Online,Returning,PayPal,3.3,No,5
101127,5768,2025-03-15,Furniture,Coffee Table,70.77,2,10,Wales,Online,Returning,Card,4.2,No,3
101614,5623,2025-07-21,Kitchen,Ceramic Mug Set,54.7,1,0,North West,Online,VIP,PayPal,4.2,No,5
101277,5591,2025-09-07,Decor,Ceramic Vase,64.2,3,15,North West,In-Store,VIP,Card,3.2,No,5
101076,5147,2026-02-25,Decor,Candle Set,38.12,1,5,North West,Online,Returning,PayPal,2.5,No,3
100097,5215,2025-03-18,Decor,Framed Print,49.33,1,0,North East,In-Store,New,Card,5.0,Yes,2
101471,5808,2025-03-07,Lighting,Desk Lamp,22.3,1,0,North West,Online,Returning,PayPal,3.6,No,4
100587,5620,2025-05-09,Decor,Candle Set,20.77,1,0,North East,Online,Returning,Card,3.0,No,5
102166,5831,2026-01-17,Kitchen,Cast Iron Pan,62.42,1,15,Midlands,Online,New,Klarna,3.7,No,1
100612,5416,2025-05-11,Storage,Storage Ottoman,56.49,4,0,South East,Online,VIP,Klarna,3.1,No,3
101789,5425,2025-07-08,Storage,Drawer Organiser,70.2,1,0,Scotland,Online,New,Card,5.0,No,2
101775,5692,2025-02-13,Kitchen,Chopping Board,17.17,1,0,,Online,New,PayPal,2.6,No,4
101757,5313,2025-08-26,Storage,Laundry Basket,73.17,2,5,Scotland,Online,Returning,Card,4.1,No,1
101645,5118,2026-02-24,Storage,Drawer Organiser,39.3,2,0,South East,Online,New,Card,3.6,No,1
100512,5671,2025-01-11,Lighting,Desk Lamp,22.28,4,0,Midlands,Online,Returning,Card,4.5,No,2
101362,5060,2025-03-19,Bedding,Linen Duvet Set,34.54,4,15,North East,Online,New,Klarna,4.8,No,7
100566,5213,2025-09-01,Storage,Laundry Basket,49.4,3,25,London,Online,Returning,PayPal,4.5,No,4
101939,5863,2026-02-05,Decor,Wall Mirror,44.07,1,0,South West,In-Store,New,Klarna,3.7,No,4
100119,5220,2026-01-23,Furniture,Bar Stool,37.41,3,0,Scotland,Online,Returning,Gift Card,3.9,No,2
100506,5408,2025-05-10,Furniture,Oak Bookshelf,40.02,1,0,Wales,Online,VIP,Klarna,3.8,No,4
101299,5477,2025-02-26,Furniture,Bar Stool,27.38,2,10,South East,Online,VIP,Card,5.0,No,2
101960,5168,2025-01-15,Kitchen,Kettle,18.87,1,0,Wales,In-Store,Returning,PayPal,4.3,No,2
100022,5333,2025-03-12,Furniture,Accent Chair,32.61,1,0,South East,Online,Returning,Gift Card,4.7,No,1
100501,5102,2026-02-05,Decor,Framed Print,77.27,1,0,South West,Online,VIP,Card,5.0,No,3
100790,5011,2025-07-14,Bedding,Wool Throw,43.4,1,20,London,Online,Returning,Card,,No,4
101006,5828,2025-11-05,Furniture,Oak Bookshelf,18.11,1,5,North West,Online,Returning,Card,5.0,No,7
101195,5473,2025-06-03,Decor,Woven Basket,36.36,1,20,South East,Online,Returning,PayPal,4.8,No,7
101426,5733,2025-12-05,Bedding,Mattress Topper,25.44,4,0,Scotland,In-Store,Returning,Gift Card,3.2,No,3
100165,5376,2025-12-12,Bedding,Cushion Cover,31.54,1,0,Scotland,Online,Returning,PayPal,4.8,No,3
101762,5368,2026-01-27,Kitchen,Kettle,39.78,4,5,North East,In-Store,New,PayPal,5.0,No,3
101767,5453,2025-12-24,Furniture,Oak Bookshelf,55.03,3,0,South West,Online,Returning,Gift Card,3.3,No,3
102086,5589,2025-12-15,Kitchen,Kettle,77.24,2,20,London,Online,Returning,Card,2.2,No,3
101633,5081,2026-01-03,Furniture,Accent Chair,32.08,2,15,Scotland,In-Store,New,Klarna,3.3,No,2
101518,5043,2025-04-24,Decor,Ceramic Vase,50.36,2,0,Wales,Online,VIP,Card,3.6,No,3
101765,5518,2025-04-01,Lighting,Desk Lamp,32.42,1,10,Scotland,In-Store,New,PayPal,3.9,No,2
101801,5051,2025-05-25,Decor,Candle Set,37.54,1,5,South East,Online,New,Card,2.8,No,3
100379,5341,2026-03-18,Kitchen,Ceramic Mug Set,68.49,1,0,Wales,Online,VIP,Card,5.0,No,3
100064,5870,2025-08-23,Kitchen,Kettle,31.69,1,15,South East,Online,New,Gift Card,3.8,No,6
101264,5740,2025-01-24,Lighting,Desk Lamp,29.88,2,0,South East,In-Store,Returning,Gift Card,2.9,No,8
101302,5361,2025-10-19,Bedding,Wool Throw,49.6,2,0,North West,In-Store,VIP,Card,2.0,No,2
100699,5045,2025-12-29,Bedding,Cushion Cover,84.92,4,5,London,Online,VIP,Card,3.7,No,2
101418,5394,2025-07-06,Kitchen,Knife Block,47.76,1,0,South West,Online,VIP,PayPal,3.6,No,5
100295,5490,2025-07-10,Storage,Storage Ottoman,34.44,1,0,North East,In-Store,New,Card,3.8,No,4
101506,5218,2025-08-16,Kitchen,Knife Block,71.06,2,0,Wales,Online,Returning,Card,5.0,Yes,3
100869,5401,2025-03-09,Decor,Wall Mirror,62.16,1,10,Scotland,Online,VIP,Card,5.0,Yes,3
100316,5593,2026-01-09,Decor,Candle Set,26.55,4,0,South West,Online,Returning,Card,2.5,No,2
100529,5823,2025-09-22,Furniture,Coffee Table,40.16,2,0,South East,Online,Returning,PayPal,4.3,No,5
100131,5508,2025-01-30,Bedding,Cushion Cover,54.03,2,0,London,In-Store,Returning,Card,4.8,No,9
101694,5355,2025-04-02,Bedding,Pillow Pair,16.16,3,10,South East,Online,Returning,Card,4.0,No,3
100190,5271,2026-02-02,Kitchen,Cast Iron Pan,29.87,1,0,London,Online,New,Card,3.6,No,5
100028,5740,2026-03-01,Kitchen,Ceramic Mug Set,54.93,4,0,North East,Online,Returning,PayPal,2.1,No,4
101559,5895,2025-02-06,Storage,Drawer Organiser,23.41,4,0,North West,Online,New,Card,4.3,No,1
100650,5763,2025-06-14,Furniture,Oak Bookshelf,39.1,4,0,North West,Online,Returning,Card,3.0,No,1
101623,5831,2025-09-07,Bedding,Cushion Cover,82.9,2,0,North East,Online,Returning,Klarna,4.0,No,1
101091,5452,2025-07-03,Lighting,Pendant Light,37.26,1,5,North East,Online,Returning,Card,3.5,No,2
101458,5409,2026-02-24,Furniture,Console Table,54.85,1,0,South West,Online,New,Gift Card,4.0,Yes,3
101861,5665,2025-03-07,Storage,Wall Shelf Unit,29.85,3,20,North West,Online,VIP,Card,4.1,No,4
101637,5148,2025-03-31,Decor,Framed Print,30.99,3,20,South East,In-Store,New,Card,4.5,No,1
101953,5064,2026-02-19,Furniture,Accent Chair,40.34,1,5,South West,Online,New,Card,4.4,No,2
101911,5066,2025-01-02,Lighting,Floor Lamp,33.78,1,0,North West,In-Store,Returning,PayPal,4.8,No,4
100322,5096,2025-01-21,Bedding,Cushion Cover,62.95,1,10,North East,Online,Returning,Card,3.3,No,5
101862,5266,2025-01-10,Decor,Candle Set,36.36,1,0,London,Online,VIP,Card,4.2,No,2
101390,5818,2026-02-18,Lighting  ,Desk Lamp,38.95,2,10,Scotland,Online,Returning,Gift Card,5.0,No,3
102091,5798,2025-01-31,Kitchen,Knife Block,61.06,1,0,Wales,In-Store,VIP,PayPal,4.5,No,0
100267,5402,2025-05-18,Decor,Woven Basket,38.28,1,15,North East,Online,Returning,Card,4.9,No,4
101634,5792,2025-10-28,Furniture,Accent Chair,37.9,1,5,Wales,In-Store,New,Klarna,3.9,No,3
100586,5832,2025-02-23,Decor,Candle Set,37.12,4,0,London,Online,New,Klarna,3.9,No,0
100711,5611,2025-02-21,Decor,Framed Print,55.56,1,5,Wales,Online,VIP,Gift Card,3.8,No,1
101341,5480,2025-12-01,Storage,Storage Ottoman,26.87,1,5,South East,In-Store,New,PayPal,4.0,No,3
101611,5698,2025-04-15,Bedding,Mattress Topper,26.72,1,0,South East,Online,New,Card,2.5,No,3
101780,5616,2025-03-10,Bedding,Mattress Topper,25.5,4,10,Midlands,Online,Returning,Klarna,4.2,No,3
100076,5428,2025-07-13,Kitchen,Cast Iron Pan,54.13,3,10,London,In-Store,Returning,Card,2.6,No,5
102105,5784,2025-11-01,Kitchen,Knife Block,33.46,3,0,South West,In-Store,New,PayPal,3.8,Yes,1
101647,5309,2025-12-18,Decor,Ceramic Vase,24.38,1,15,South East,In-Store,Returning,Klarna,4.7,No,3
100220,5812,2025-07-10,Storage,Storage Ottoman,32.23,3,0,South West,Online,Returning,PayPal,3.3,No,8
102108,5124,2025-12-30,Lighting,Table Lamp,69.77,2,0,Wales,Online,Returning,Card,4.0,No,3
100303,5008,2025-12-09,Storage,Wall Shelf Unit,34.65,1,15,North East,Online,Returning,Card,2.7,No,0
100572,5374,2025-01-19,Decor,Framed Print,30.99,4,5,Midlands,In-Store,Returning,Klarna,4.1,Yes,3
100864,5694,2025-02-27,Storage,Storage Ottoman,32.45,2,0,Wales,Online,Returning,Card,4.7,No,5
101227,5096,2025-08-07,kitchen,Kettle,61.31,4,0,South East,In-Store,Returning,Klarna,4.4,No,4
100631,5663,2026-02-24,Lighting,Table Lamp,47.19,1,0,South East,In-Store,Returning,Card,4.2,No,2
101516,5837,2025-05-11,Decor,Ceramic Vase,24.78,1,15,Scotland,Online,Returning,Card,2.1,No,3
101562,5228,2025-08-19,Lighting,Fairy Lights,42.48,1,0,London,In-Store,New,Card,3.8,No,1
102139,5485,2025-12-03,Bedding,Mattress Topper,35.17,2,5,London,In-Store,VIP,Klarna,5.0,No,4
101591,5662,2025-02-20,Lighting,Table Lamp,36.71,3,0,Midlands,Online,Returning,Card,5.0,No,3
101193,5153,2025-12-29,Storage,Drawer Organiser,44.31,2,0,South East,Online,New,Klarna,3.4,No,3
100181,5844,2025-03-23,Decor,Woven Basket,16.03,1,0,Midlands,Online,Returning,PayPal,4.3,Yes,7
101870,5695,2025-02-15,Kitchen,Cast Iron Pan,33.88,4,10,Scotland,Online,Returning,Card,5.0,No,1
101704,5179,2025-01-06,Bedding,Linen Duvet Set,45.94,4,0,Scotland,Online,New,PayPal,2.3,No,4
101434,5505,2025-12-12,Furniture,Bar Stool,45.46,3,0,Wales,In-Store,New,Klarna,4.7,No,2
102143,5866,2025-08-01,Bedding,Mattress Topper,60.33,1,0,South East,Online,New,Card,4.8,No,2
100377,5662,2025-05-04,Decor,Wall Mirror,36.31,3,0,Scotland,Online,Returning,Klarna,3.7,No,7
101596,5148,2025-05-06,Bedding,Wool Throw,36.01,3,5,South East,Online,Returning,Card,4.9,Yes,2
100732,5376,2025-11-03,Kitchen,Cast Iron Pan,59.54,2,0,North West,Online,Returning,Klarna,3.5,No,3
100024,5834,2025-07-12,Kitchen,Ceramic Mug Set,52.72,1,0,North East,In-Store,VIP,Card,1.8,No,3
101579,5101,2026-03-25,Decor,Framed Print,42.68,4,0,South East,Online,VIP,Card,4.1,No,4
100684,5862,2025-01-23,lighting,Floor Lamp,82.31,4,0,North East,Online,New,Card,4.8,No,1
101298,5609,2025-08-05,Decor,Wall Mirror,25.53,3,0,South West,Online,Returning,PayPal,4.9,No,5
100347,5892,2025-12-28,Storage,Laundry Basket,78.18,2,0,North West,Online,VIP,PayPal,2.7,No,5
101950,5289,2025-06-27,Furniture,Bar Stool,41.72,2,10,South West,Online,Returning,Card,4.3,No,0
100644,5432,2025-08-08,Lighting,Pendant Light,34.53,3,10,North East,Online,Returning,PayPal,5.0,No,0
100807,5490,2025-09-30,Bedding,Wool Throw,77.24,1,0,South West,Online,Returning,Card,5.0,Yes,1
102043,5671,2026-01-11,Furniture,Console Table,32.2,1,0,London,Online,Returning,Klarna,5.0,Yes,4
100009,5181,2025-04-17,Kitchen,Chopping Board,36.6,1,5,Scotland,In-Store,New,Card,3.8,No,3
102151,5295,2025-10-04,Kitchen,Ceramic Mug Set,43.32,2,0,South West,In-Store,Returning,Klarna,5.0,No,3
100229,5492,2025-12-10,Bedding,Pillow Pair,60.59,2,0,London,In-Store,Returning,PayPal,5.0,No,2
100490,5545,2026-03-23,Bedding,Wool Throw,47.5,1,0,Midlands,Online,VIP,Card,5.0,No,2
100214,5404,2025-10-01,Bedding,Pillow Pair,97.7,4,15,North East,Online,New,PayPal,4.1,No,4
101322,5247,2025-06-01,Storage,Shoe Rack,19.64,1,25,Wales,Online,Returning,Card,4.4,No,1
100836,5699,2026-03-12,Decor,Ceramic Vase,28.79,1,15,South East,In-Store,New,Klarna,4.6,No,1
101993,5258,2025-12-04,Bedding,Wool Throw,31.55,2,0,London,Online,New,Card,3.5,No,3
100803,5463,2026-02-28,Lighting,Table Lamp,44.74,2,0,North East,In-Store,New,Card,4.5,No,3
100450,5257,2025-05-31,Decor,Wall Mirror,39.65,1,15,London,Online,New,Klarna,2.6,No,11
101619,5109,2025-10-13,Decor,Candle Set,43.64,1,5,South East,Online,New,Card,,No,4
100016,5707,2025-06-27,Kitchen,Cast Iron Pan,35.91,2,0,Wales,Online,VIP,PayPal,4.0,No,0
101755,5563,2025-09-27,Kitchen,Kettle,58.92,4,0,North East,Online,New,PayPal,4.3,Yes,3
102075,5626,2025-01-16,Kitchen,Knife Block,36.21,1,0,North West,Online,Returning,Card,3.7,No,5
100928,5271,2026-02-18,Kitchen,Chopping Board,39.88,1,0,London,Online,Returning,Klarna,4.3,No,2
101556,5146,2025-05-26,Lighting,Table Lamp,46.4,1,0,South West,In-Store,VIP,Card,3.2,No,3
101124,5219,2025-10-18,Decor,Wall Mirror,32.76,4,0,South East,Online,Returning,Gift Card,5.0,No,1
101123,5241,2025-12-24,Decor,Candle Set,34.5,2,0,North West,Online,Returning,Card,5.0,Yes,5
100547,5386,2025-04-13,Kitchen,Kettle,68.57,1,10,North West,Online,VIP,PayPal,4.5,No,4
100728,5078,2025-05-26,Bedding,Pillow Pair,45.93,2,0,London,Online,Returning,Gift Card,5.0,No,0
101380,5486,2025-02-05,Kitchen,Cast Iron Pan,21.1,3,0,South West,Online,VIP,Card,3.7,No,1
101777,5299,2025-10-21,Kitchen,Kettle,50.67,4,20,London,In-Store,Returning,Card,4.0,No,1
100355,5872,2026-03-23,Lighting,Desk Lamp,28.89,4,5,Scotland,In-Store,New,Card,5.0,No,2
100281,5248,2025-10-24,Bedding,Cushion Cover,50.98,1,0,South East,In-Store,Returning,Card,5.0,No,2
100208,5872,2025-11-20,Lighting,Pendant Light,40.05,4,25,London,In-Store,Returning,Gift Card,2.5,No,2
100883,5403,2025-05-06,Bedding,Pillow Pair,43.62,2,0,North West,Online,Returning,PayPal,3.7,No,1
100769,5125,2025-11-24,Bedding,Wool Throw,29.91,4,15,North East,In-Store,New,Card,3.4,No,3
101720,5465,2025-10-07,Furniture,Oak Bookshelf,65.25,3,0,North West,In-Store,New,Card,2.5,No,3
101749,5724,2026-03-18,Storage,Wall Shelf Unit,22.11,1,20,North East,Online,New,Klarna,3.5,Yes,5
101931,5080,2025-01-04,Decor,Ceramic Vase,40.43,1,0,South West,Online,Returning,Card,,No,2
100417,5872,2026-03-28,Kitchen,Chopping Board,43.57,1,0,South West,In-Store,New,Klarna,5.0,No,4
101698,5134,2025-01-09,Furniture,Oak Bookshelf,30.36,1,0,South West,In-Store,New,PayPal,2.4,No,6
101331,5404,2025-06-23,Kitchen,Cast Iron Pan,59.42,1,0,Wales,In-Store,VIP,Klarna,4.5,Yes,3
101396,5531,2025-05-12,Storage,Laundry Basket,19.15,2,0,North West,In-Store,VIP,Card,4.7,No,3
101669,5479,2025-04-11,Bedding,Mattress Topper,65.46,4,0,Midlands,Online,Returning,PayPal,3.8,Yes,1
100443,5118,2025-04-03,Bedding,Mattress Topper,44.93,1,0,North East,Online,VIP,PayPal,3.8,No,0
101307,5229,2026-01-16,Furniture,Bar Stool,44.82,2,5,South West,In-Store,Returning,Card,,No,10
101685,5322,2025-03-15,Storage,Shoe Rack,46.8,4,0,London,Online,New,Card,3.7,No,4
100862,5835,2025-05-21,Furniture,Coffee Table,40.28,2,5,Scotland,Online,VIP,PayPal,2.3,No,5
100537,5410,2025-09-19,Kitchen,Cast Iron Pan,52.64,1,5,Midlands,Online,VIP,PayPal,3.9,No,6
102152,5289,2025-09-15,Kitchen,Ceramic Mug Set,32.79,1,20,Wales,Online,VIP,Card,3.5,No,3
100784,5109,2026-01-10,Bedding,Linen Duvet Set,43.03,1,0,North East,Online,Returning,PayPal,3.1,No,6
100349,5162,2025-08-02,Lighting,Pendant Light,24.85,4,0,South East,In-Store,New,Card,5.0,No,5
101135,5552,2025-02-02,Lighting,Table Lamp,40.26,4,15,,Online,VIP,PayPal,3.4,No,4
100404,5874,2025-09-14,Decor,Woven Basket,13.37,4,25,London,Online,Returning,PayPal,,No,7
100363,5201,2025-10-31,Decor,Candle Set,61.2,3,0,Midlands,Online,New,PayPal,3.2,No,7
100755,5499,2025-05-06,Bedding,Pillow Pair,55.9,3,0,Midlands,Online,New,PayPal,4.6,No,3
100798,5412,2025-06-08,Kitchen,Kettle,14.78,2,0,North West,Online,New,Gift Card,5.0,No,2
100027,5362,2026-02-04,Decor,Framed Print,38.02,1,20,Wales,In-Store,Returning,Card,3.6,No,3
101672,5510,2025-02-16,Kitchen,Chopping Board,41.16,2,0,Midlands,In-Store,Returning,PayPal,4.8,No,1
101397,5557,2025-06-04,Storage,Laundry Basket,50.53,1,0,North West,Online,New,Card,3.8,No,6
100178,5145,2025-03-04,Bedding,Wool Throw,43.68,1,0,North East,Online,VIP,Card,3.9,No,1
100357,5136,2025-12-30,Kitchen,Kettle,25.75,3,15,South West,Online,VIP,Card,3.1,No,5
101181,5547,2026-01-14,Lighting,Pendant Light,73.9,1,10,South East,Online,Returning,Card,4.2,No,5
100877,5485,2025-02-19,Lighting,Desk Lamp,22.18,2,10,London,Online,VIP,Card,3.1,No,5
101158,5765,2026-02-03,Furniture,Console Table,51.05,1,0,Wales,Online,New,PayPal,4.9,No,3
100253,5169,2025-02-13,Bedding,Linen Duvet Set,44.15,1,10,South East,Online,New,PayPal,4.7,No,1
100733,5829,2025-03-15,Bedding,Pillow Pair,48.38,2,0,Wales,In-Store,Returning,Card,4.1,No,4
100415,5016,2025-02-17,Lighting,Desk Lamp,29.71,4,15,South East,Online,Returning,Card,3.5,Yes,3
100559,5713,2025-06-13,Bedding,Mattress Topper,53.78,1,0,North East,Online,Returning,PayPal,3.5,No,6
100554,5286,2025-10-24,Kitchen,Ceramic Mug Set,19.19,2,0,Midlands,Online,New,Card,4.4,No,4
101388,5292,2025-11-10,Furniture,Accent Chair,62.81,4,5,Wales,Online,Returning,PayPal,4.6,No,5
100194,5325,2025-04-11,Kitchen,Knife Block,28.44,2,20,Scotland,Online,New,Card,2.5,No,2
102122,5857,2025-07-23,Bedding,Mattress Topper,61.04,1,0,Wales,Online,VIP,Card,4.0,No,4
101355,5197,2025-07-08,Lighting,Pendant Light,28.18,2,10,North West,Online,New,Card,4.0,No,5
100994,5388,2025-03-29,Decor,Framed Print,41.99,1,0,London,Online,New,Gift Card,4.9,No,1
101372,5308,2026-01-19,Kitchen,Knife Block,28.73,1,10,Wales,Online,Returning,Klarna,3.0,Yes,3
101229,5138,2025-12-21,Storage,Laundry Basket,40.86,3,0,Wales,Online,Returning,Card,4.7,No,3
100446,5596,2025-01-03,Storage,Laundry Basket,32.22,2,10,Midlands,Online,Returning,PayPal,4.3,No,7
102046,5892,2025-05-08,Lighting,Fairy Lights,67.58,2,15,,Online,VIP,Gift Card,5.0,No,4
101261,5239,2025-07-09,Furniture,Oak Bookshelf,52.91,4,0,Scotland,Online,Returning,Klarna,3.7,No,1
102183,5545,2025-06-10,Lighting,Desk Lamp,67.07,4,0,Midlands,Online,New,Card,3.9,No,2
101734,5779,2025-11-29,Kitchen,Cast Iron Pan,25.04,1,0,London,Online,Returning,Card,2.2,No,3
100452,5832,2026-02-04,Furniture,Bar Stool,51.14,2,5,South East,Online,VIP,Card,5.0,No,3
102007,5390,2026-02-17,Kitchen,Chopping Board,38.09,1,0,North East,In-Store,VIP,Card,3.3,No,3
100465,5005,2025-04-08,Furniture,Bar Stool,-60.94,3,5,South East,Online,Returning,Gift Card,2.9,No,2
100721,5125,2025-05-29,Storage,Storage Ottoman,47.4,1,0,Scotland,Online,Returning,Card,3.4,No,2
101785,5654,2026-01-26,Furniture,Coffee Table,30.48,1,5,Midlands,Online,VIP,Card,4.0,No,4
101030,5300,2026-01-15,Furniture,Accent Chair,21.82,1,20,South East,Online,Returning,Klarna,3.9,No,4
100459,5756,2025-11-02,Kitchen,Ceramic Mug Set,67.13,3,0,South East,Online,Returning,PayPal,2.5,No,2
101628,5526,2025-09-08,Lighting,Desk Lamp,38.76,1,0,North East,In-Store,Returning,Card,4.6,No,7
101839,5200,2025-05-20,Furniture,Bar Stool,21.91,4,0,Wales,Online,Returning,Card,4.9,No,3
102106,5247,2025-12-17,Kitchen,Chopping Board,54.01,4,0,North West,Online,Returning,Card,4.8,No,4
100511,5895,2025-01-31,Storage,Laundry Basket,48.81,2,0,Midlands,Online,New,Gift Card,4.3,No,2
100370,5694,2026-02-26,Storage,Laundry Basket,36.51,1,0,Scotland,Online,VIP,Card,3.5,No,5
100485,5416,2025-08-18,Lighting,Table Lamp,47.98,2,5,North East,Online,Returning,Card,4.7,No,1
100956,5549,2026-01-21,Lighting,Fairy Lights,36.82,2,5,London,Online,New,Klarna,4.2,No,4
102169,5842,2026-02-26,Kitchen,Ceramic Mug Set,80.37,1,0,North East,Online,Returning,Card,2.6,No,4
100308,5498,2025-10-09,Storage,Laundry Basket,38.3,1,0,North East,Online,New,Card,3.3,No,3
100286,5844,2025-06-14,Furniture,Console Table,18.37,3,0,Midlands,Online,Returning,Card,4.6,No,6
101438,5587,2025-08-16,Kitchen,Ceramic Mug Set,24.57,2,0,Scotland,Online,VIP,Klarna,3.8,No,5
101382,5256,2025-12-15,Decor,Ceramic Vase,30.51,2,5,Wales,In-Store,VIP,Gift Card,4.2,No,4
101040,5744,2025-01-18,Lighting,Pendant Light,63.55,1,10,South West,In-Store,VIP,Card,2.8,No,7
101745,5189,2025-03-01,Kitchen,Knife Block,14.35,1,0,Wales,Online,Returning,Card,5.0,No,2
100936,5846,2025-01-08,Decor,Framed Print,41.72,2,0,South East,Online,New,PayPal,2.5,No,5
102168,5758,2025-03-06,Bedding,Wool Throw,60.39,2,0,South East,Online,New,Card,4.6,No,5
101546,5531,2026-03-25,Decor,Woven Basket,26.25,1,0,Wales,Online,New,Card,3.1,No,3
101486,5776,2025-03-12,Kitchen,Cast Iron Pan,77.89,1,0,Wales,In-Store,VIP,Klarna,4.3,No,1
100622,5430,2026-01-13,Bedding,Mattress Topper,39.96,4,15,North East,In-Store,Returning,PayPal,2.9,No,3
102114,5819,2025-02-14,Decor,Wall Mirror,30.26,1,15,North West,Online,New,Klarna,4.3,No,5
102094,5178,2025-02-12,Bedding,Cushion Cover,64.88,4,0,South East,In-Store,Returning,Card,5.0,No,5
101063,5129,2025-12-04,Kitchen,Kettle,22.95,1,15,Scotland,In-Store,Returning,PayPal,5.0,Yes,3
101843,5734,2025-12-12,Kitchen,Chopping Board,42.71,1,0,Midlands,In-Store,New,Card,2.7,No,5
100947,5876,2025-10-20,Decor,Framed Print,26.11,4,0,North West,Online,VIP,Card,2.3,No,6
102058,5664,2025-02-10,Furniture,Console Table,34.75,4,10,Scotland,In-Store,Returning,Klarna,3.7,No,2
101533,5839,2025-07-02,Bedding,Pillow Pair,41.81,2,0,London,In-Store,New,Card,4.1,Yes,1
102106,5247,2025-12-17,Kitchen,Chopping Board,54.01,4,0,North West,Online,Returning,Card,4.8,No,4
100775,5761,2025-01-08,Bedding  ,Mattress Topper,20.13,2,0,North East,Online,Returning,Gift Card,4.6,No,0
101970,5137,2025-11-04,Furniture,Accent Chair,39.88,2,25,South West,Online,New,Gift Card,4.2,No,5
101853,5408,2025-12-14,Bedding,Cushion Cover,30.81,1,0,Midlands,Online,Returning,Klarna,3.2,No,2
101651,5170,2025-11-30,Furniture,Bar Stool,44.35,2,15,Midlands,In-Store,New,Card,3.7,No,6
101895,5120,2026-03-13,Kitchen,Chopping Board,27.26,1,5,North East,Online,Returning,PayPal,3.4,No,5
101779,5277,2025-09-04,Furniture  ,Coffee Table,51.16,3,0,Scotland,Online,VIP,Card,3.5,No,2
101773,5326,2025-02-26,Bedding,Linen Duvet Set,51.73,4,0,North West,Online,VIP,PayPal,3.7,No,6
100098,5614,2025-08-12,Kitchen,Knife Block,29.39,2,0,North West,Online,Returning,PayPal,5.0,No,4
101184,5403,2026-02-20,Bedding,Cushion Cover,26.95,2,5,South East,Online,New,Card,4.4,No,5
101364,5181,2025-12-29,Kitchen,Knife Block,42.75,2,0,Scotland,Online,VIP,Klarna,2.7,No,2
101735,5775,2025-03-25,Furniture,Console Table,54.58,2,10,South East,Online,New,Card,4.4,No,1
100140,5393,2025-02-12,Kitchen,Cast Iron Pan,20.46,1,15,Wales,Online,Returning,Klarna,5.0,No,0
101511,5300,2025-06-13,Storage,Storage Ottoman,29.24,1,0,North East,In-Store,New,PayPal,3.6,Yes,2
100283,5604,2025-03-24,Kitchen,Ceramic Mug Set,20.54,1,15,North East,Online,Returning,Card,3.7,No,1
101012,5719,2025-05-06,Decor,Ceramic Vase,39.46,3,5,South East,In-Store,Returning,PayPal,3.7,No,6
101752,5798,2025-04-10,Storage,Laundry Basket,49.6,4,0,Scotland,Online,New,Card,2.3,No,3
102172,5670,2025-03-19,Kitchen,Kettle,45.71,3,0,London,Online,Returning,PayPal,3.8,No,4
101528,5124,2025-08-28,Lighting,Pendant Light,59.91,2,10,London,In-Store,New,Klarna,,No,3
101147,5478,2025-10-02,Decor,Candle Set,45.14,3,5,London,Online,New,Gift Card,5.0,No,3
102085,5118,2025-02-25,Storage,Shoe Rack,17.0,1,0,London,In-Store,Returning,PayPal,4.8,No,3
102093,5724,2025-08-13,Kitchen,Cast Iron Pan,33.63,2,0,North West,Online,New,Card,3.6,No,4
101527,5287,2025-02-19,Storage,Drawer Organiser,53.63,3,10,Midlands,Online,Returning,Card,4.1,No,0
101153,5387,2025-02-18,Kitchen,Ceramic Mug Set,67.16,2,0,North East,Online,VIP,PayPal,4.6,No,1
100678,5076,2026-03-02,Furniture,Oak Bookshelf,49.58,2,0,Wales,In-Store,Returning,Klarna,4.6,No,3
101660,5228,2025-07-19,Kitchen,Cast Iron Pan,22.74,2,0,South East,Online,New,Card,4.3,No,3
100129,5517,2025-01-12,Bedding,Mattress Topper,48.43,3,0,London,Online,New,Gift Card,3.7,Yes,3
100978,5515,2025-05-15,Lighting,Floor Lamp,25.13,3,0,South West,Online,New,Card,3.9,Yes,6
100949,5853,2026-03-27,Storage,Laundry Basket,34.27,1,20,Scotland,Online,New,Card,2.1,No,4
101799,5430,2025-11-29,Lighting,Desk Lamp,31.63,1,0,London,In-Store,New,Card,4.5,Yes,2
101912,5799,2025-08-07,Decor,Woven Basket,76.13,1,0,London,In-Store,Returning,Klarna,3.7,No,5
102010,5569,2025-10-03,kitchen,Knife Block,42.91,2,5,North West,Online,Returning,PayPal,5.0,No,5
100523,5173,2025-02-21,Lighting,Desk Lamp,26.57,1,0,Scotland,In-Store,Returning,Card,4.0,No,3
100265,5890,2025-07-31,Lighting,Fairy Lights,49.05,1,0,North West,Online,New,Card,3.4,No,6
100167,5289,2025-06-03,Lighting,Fairy Lights,52.43,2,0,Wales,Online,VIP,Card,4.6,No,3
101151,5332,2025-03-14,Kitchen,Knife Block,30.42,1,15,Scotland,In-Store,Returning,Card,4.1,No,1
100873,5102,2025-04-20,Decor,Woven Basket,61.18,1,10,Scotland,Online,New,Gift Card,,No,6
101886,5161,2025-10-15,Storage,Drawer Organiser,60.29,3,10,Wales,Online,New,Card,3.6,No,1
100888,5173,2025-03-22,Furniture,Coffee Table,57.76,4,0,Midlands,Online,New,Klarna,4.9,No,3
100889,5014,2025-04-16,Bedding,Wool Throw,59.28,2,0,Midlands,In-Store,New,PayPal,3.3,No,0
101443,5841,2026-02-28,Decor,Ceramic Vase,69.09,2,0,South East,Online,Returning,Card,4.7,No,2
100664,5182,2025-10-06,Kitchen,Kettle,36.26,1,0,South East,In-Store,New,Gift Card,4.2,No,3
100796,5265,2025-10-15,Furniture,Coffee Table,35.51,4,0,South West,Online,VIP,Card,4.8,Yes,1
100632,5294,2025-12-29,Furniture,Oak Bookshelf,33.78,1,0,Midlands,Online,New,Card,4.3,No,4
100499,5833,2025-02-28,Furniture,Console Table,35.38,3,20,North East,Online,Returning,PayPal,2.8,No,3
101750,5647,2025-03-21,Lighting,Floor Lamp,60.05,2,0,South East,In-Store,Returning,Klarna,3.6,No,5
101951,5823,2025-05-30,Lighting,Pendant Light,22.16,1,25,North East,Online,Returning,Card,4.3,Yes,4
101576,5286,2025-03-27,Furniture,Coffee Table,35.77,2,15,North West,Online,Returning,Card,4.4,No,4
101966,5667,2025-11-06,Lighting,Fairy Lights,47.4,2,0,South West,In-Store,Returning,Card,2.9,No,3
101883,5160,2025-12-17,Decor,Candle Set,49.79,4,5,London,Online,VIP,Gift Card,2.8,No,3
100433,5743,2026-02-20,Storage,Wall Shelf Unit,38.38,3,0,London,In-Store,VIP,Card,2.6,No,2
101376,5863,2025-11-09,Furniture,Coffee Table,25.31,3,0,Midlands,Online,New,Card,2.9,No,6
102032,5159,2026-02-27,Kitchen,Knife Block,89.43,4,0,Midlands,Online,New,Card,3.9,No,2
101727,5854,2025-08-17,Bedding,Cushion Cover,85.27,1,0,South West,Online,VIP,Gift Card,3.6,No,3
100069,5068,2025-02-23,Decor,Candle Set,32.92,3,0,Wales,Online,New,Gift Card,4.6,No,0
101818,5227,2025-03-11,Furniture,Oak Bookshelf,41.12,1,0,Scotland,Online,Returning,Klarna,3.8,Yes,4
100618,5239,2026-01-30,Bedding,Linen Duvet Set,55.02,2,0,London,Online,Returning,Card,4.5,No,7
101881,5346,2026-02-16,Lighting,Desk Lamp,28.77,4,0,Midlands,Online,Returning,Card,4.3,No,6
101420,5428,2025-02-09,Storage,Drawer Organiser,68.33,2,5,,In-Store,New,Gift Card,4.4,No,2
100124,5423,2025-10-24,Kitchen,Knife Block,39.19,1,0,South East,Online,New,PayPal,3.6,No,2
100574,5044,2025-11-18,Kitchen,Cast Iron Pan,17.68,2,15,Midlands,Online,New,Klarna,5.0,No,3
100335,5414,2025-12-31,Storage,Storage Ottoman,56.27,1,0,North East,In-Store,New,Card,3.4,No,0
100834,5128,2025-02-20,Lighting,Floor Lamp,34.49,2,10,North East,In-Store,New,Gift Card,2.5,Yes,2
100339,5182,2025-08-30,Kitchen,Kettle,24.37,2,10,South West,Online,New,PayPal,4.8,No,4
102065,5530,2025-09-30,Decor,Woven Basket,40.75,2,15,North West,In-Store,New,Card,4.4,No,2
101500,5757,2025-12-12,Furniture,Accent Chair,36.12,3,0,Scotland,Online,New,Card,4.9,No,3
100665,5537,2025-02-09,Furniture,Oak Bookshelf,35.71,3,0,Wales,In-Store,New,PayPal,4.9,No,1
100384,5216,2025-10-27,Kitchen,Knife Block,38.7,1,15,Scotland,Online,Returning,Card,5.0,No,0
101761,5346,2026-03-07,Lighting,Fairy Lights,29.06,2,20,Wales,Online,New,Card,4.2,No,2
100919,5229,2025-01-11,Lighting,Pendant Light,42.28,1,15,Scotland,Online,Returning,PayPal,4.9,No,3
100056,5039,2025-11-09,Bedding,Linen Duvet Set,53.96,1,5,North West,In-Store,VIP,Card,3.5,No,4
101230,5259,2025-05-18,Decor,Wall Mirror,37.83,4,0,London,In-Store,Returning,Card,5.0,No,1
100582,5750,2026-03-02,Kitchen,Knife Block,36.24,1,0,South East,In-Store,New,Card,4.4,No,1
102107,5689,2025-12-03,Bedding,Cushion Cover,75.33,2,15,Midlands,In-Store,Returning,Card,1.4,No,0
101819,5121,2025-03-27,Kitchen,Kettle,20.02,1,0,London,Online,VIP,Card,2.7,No,2
101584,5372,2025-12-12,Lighting,Fairy Lights,37.76,4,5,Midlands,In-Store,Returning,Klarna,4.2,No,1
101992,5394,2025-06-05,Decor,Ceramic Vase,41.12,4,10,Midlands,Online,New,Card,2.3,No,5
100171,5095,2025-01-20,Furniture,Bar Stool,58.31,2,0,London,In-Store,VIP,Card,3.1,No,5
100829,5777,2025-04-13,Bedding,Mattress Topper,21.3,4,10,Wales,Online,New,Klarna,5.0,No,1
100174,5650,2025-07-01,Lighting,Fairy Lights,40.86,2,5,Midlands,Online,Returning,Card,3.7,No,2
101166,5094,2025-12-07,lighting,Floor Lamp,65.78,3,10,North East,In-Store,New,Klarna,4.2,No,3
100801,5010,2025-12-21,Decor,Ceramic Vase,72.67,2,0,Wales,Online,Returning,PayPal,4.9,No,8
100856,5764,2025-08-06,Furniture,Coffee Table,35.57,1,0,North East,Online,New,Card,2.1,No,5
100958,5571,2026-03-29,Kitchen,Cast Iron Pan,33.87,3,0,South East,Online,New,PayPal,3.3,Yes,2
100838,5178,2025-03-12,Kitchen,Knife Block,65.06,1,0,Wales,In-Store,New,Gift Card,2.4,No,2
100327,5212,2025-08-02,Storage,Drawer Organiser,58.03,1,10,North West,In-Store,New,Card,4.2,No,4
100504,5780,2026-01-17,Decor,Woven Basket,43.53,3,0,Scotland,Online,Returning,Card,4.1,No,3
101989,5189,2025-01-20,Kitchen,Ceramic Mug Set,43.91,1,0,London,In-Store,New,Gift Card,5.0,Yes,1
101484,5100,2025-09-17,Furniture,Coffee Table,58.25,2,25,South West,In-Store,Returning,Card,3.2,No,2
101294,5004,2025-12-05,Bedding,Wool Throw,19.8,2,0,Scotland,Online,Returning,Card,4.6,No,8
100410,5012,2026-01-12,Lighting,Fairy Lights,38.13,2,5,North West,Online,VIP,PayPal,4.1,Yes,2
102069,5297,2025-01-21,Decor,Framed Print,29.62,1,15,Scotland,Online,Returning,Card,4.6,No,4
100298,5395,2026-02-09,Kitchen,Chopping Board,29.07,1,0,London,Online,New,Card,3.7,No,4
100926,5851,2026-02-09,Kitchen,Cast Iron Pan,35.0,2,0,Wales,Online,Returning,Card,4.7,No,5
101451,5264,2025-02-24,Lighting,Pendant Light,41.62,1,0,Midlands,In-Store,VIP,PayPal,4.7,No,1
102134,5359,2026-02-11,Furniture,Bar Stool,79.39,1,0,North East,Online,New,PayPal,4.3,No,3
101049,5601,2025-03-05,Storage,Laundry Basket,29.05,1,15,Scotland,Online,Returning,Gift Card,4.4,No,2
100729,5439,2025-03-26,Lighting,Table Lamp,17.29,1,10,Wales,Online,VIP,Card,4.3,No,3
101548,5764,2026-03-25,storage,Shoe Rack,55.54,2,0,Scotland,Online,Returning,Klarna,4.1,No,3
101423,5530,2025-05-31,Furniture,Coffee Table,41.01,1,0,Scotland,Online,VIP,Gift Card,4.5,Yes,4
101035,5059,2025-09-18,Kitchen,Ceramic Mug Set,15.84,1,0,South West,Online,VIP,Card,4.6,No,0
101967,5333,2025-07-30,Kitchen,Kettle,62.58,4,0,South East,Online,Returning,Card,5.0,No,3
100672,5552,2026-03-20,Furniture,Bar Stool,44.28,4,0,London,Online,Returning,Gift Card,5.0,No,4
100649,5864,2025-05-08,Decor,Candle Set,34.3,1,25,London,Online,New,Card,4.1,No,5
101847,5362,2025-07-25,Lighting,Floor Lamp,27.3,2,5,North West,Online,VIP,Klarna,2.7,No,4
101995,5678,2025-09-14,Lighting,Floor Lamp,43.58,3,15,London,Online,New,Gift Card,3.4,No,2
100726,5105,2025-03-25,Bedding,Cushion Cover,38.83,2,0,Wales,Online,VIP,Card,5.0,No,3
101988,5190,2025-04-08,kitchen,Knife Block,46.53,4,0,North West,Online,Returning,PayPal,3.9,No,1
101829,5552,2025-11-10,Furniture,Bar Stool,34.51,3,0,North West,Online,Returning,PayPal,5.0,No,5
100202,5817,2025-09-15,Decor,Wall Mirror,40.07,4,15,North West,Online,Returning,Klarna,4.0,No,5
101721,5079,2026-03-03,Kitchen,Kettle,35.34,2,0,Wales,Online,New,Klarna,5.0,No,4
101107,5219,2025-05-06,Kitchen,Kettle,40.66,1,15,Wales,Online,Returning,Card,2.6,No,3
100532,5148,2025-08-26,Lighting  ,Pendant Light,27.74,4,0,South West,Online,VIP,Card,4.1,No,6
100408,5129,2025-04-28,Lighting,Fairy Lights,45.11,2,0,London,Online,New,Card,4.3,No,2
100200,5865,2025-12-01,Bedding,Mattress Topper,39.22,2,0,North West,In-Store,Returning,Klarna,3.6,No,4
100474,5420,2025-03-27,Furniture  ,Accent Chair,81.6,2,10,Scotland,Online,New,Card,4.1,No,7
100715,5828,2025-07-05,Furniture,Bar Stool,20.7,1,0,London,Online,VIP,Card,2.6,No,2
101042,5770,2025-04-05,Bedding,Wool Throw,41.13,4,0,South East,Online,Returning,Klarna,5.0,No,1
100693,5838,2025-06-15,Bedding,Pillow Pair,39.91,2,5,North West,Online,Returning,PayPal,4.5,No,5
101612,5129,2025-07-22,Kitchen,Ceramic Mug Set,39.08,4,15,South East,In-Store,New,Gift Card,5.0,No,2
102195,5591,2025-08-20,Lighting,Floor Lamp,74.71,4,0,South West,In-Store,VIP,Card,3.8,No,2
102161,5728,2025-01-04,Lighting,Fairy Lights,39.46,2,5,North East,In-Store,New,Card,4.4,No,3
100217,5071,2025-10-09,Lighting,Floor Lamp,54.62,1,0,North West,Online,VIP,Card,3.8,No,3
102041,5260,2025-06-02,Decor,Woven Basket,23.51,2,0,Wales,Online,VIP,Card,2.8,No,3
100254,5296,2025-08-02,Decor,Candle Set,23.5,1,0,London,In-Store,New,Card,5.0,No,7
100153,5825,2025-11-22,Lighting,Floor Lamp,35.66,2,0,South West,Online,New,PayPal,2.2,Yes,3
102055,5643,2025-06-05,Decor,Framed Print,26.15,1,0,Wales,Online,New,Card,3.7,No,5
101794,5250,2025-05-10,Lighting,Desk Lamp,35.05,1,0,North West,In-Store,New,PayPal,5.0,Yes,3
100818,5095,2025-04-09,Kitchen,Knife Block,30.09,2,15,North West,Online,VIP,Klarna,4.0,No,0
101148,5691,2025-02-28,Bedding,Cushion Cover,59.1,3,0,Scotland,Online,Returning,PayPal,4.5,Yes,4
102159,5731,2025-11-01,Furniture,Bar Stool,55.19,1,0,South West,In-Store,VIP,Gift Card,2.2,No,3
100985,5528,2025-10-14,Kitchen,Knife Block,69.8,1,0,Scotland,Online,Returning,Card,4.2,No,3
100479,5597,2025-09-21,Decor,Woven Basket,46.06,2,0,Wales,In-Store,New,PayPal,3.5,No,2
101488,5001,2026-03-05,Storage,Drawer Organiser,39.37,1,0,Midlands,Online,Returning,Card,5.0,No,5
102039,5889,2025-12-12,Bedding,Linen Duvet Set,44.84,3,0,North East,In-Store,Returning,Card,4.6,No,1
101057,5404,2025-03-20,Kitchen,Cast Iron Pan,14.67,1,0,South West,Online,New,PayPal,4.1,No,2
102181,5629,2026-03-04,Bedding,Pillow Pair,57.03,1,5,Wales,In-Store,Returning,Gift Card,4.9,No,1
101019,5037,2026-03-25,Lighting,Pendant Light,27.66,3,10,North West,In-Store,New,PayPal,3.4,Yes,3
101913,5002,2025-03-10,Decor,Candle Set,27.92,1,0,North West,Online,Returning,PayPal,4.8,No,4
101594,5017,2025-10-26,Kitchen,Knife Block,42.69,4,0,London,Online,Returning,Card,3.9,No,5
101470,5054,2025-04-09,Bedding,Cushion Cover,51.76,3,20,South West,In-Store,New,Klarna,2.7,No,3
100531,5538,2026-03-14,Kitchen,Ceramic Mug Set,67.37,3,15,Midlands,Online,New,Gift Card,4.8,No,4
101354,5823,2025-11-21,Bedding,Pillow Pair,44.52,1,5,Scotland,Online,Returning,Card,3.8,No,4
101641,5649,2026-02-01,Decor,Ceramic Vase,31.93,2,10,North West,Online,Returning,Card,1.9,No,6
101485,5373,2026-03-20,Kitchen,Knife Block,96.8,1,0,South West,Online,New,Card,2.3,No,3
100241,5126,2025-06-14,Storage,Laundry Basket,61.62,2,0,South West,Online,VIP,Gift Card,3.0,No,2
101009,5660,2025-07-11,Kitchen,Ceramic Mug Set,34.07,3,0,South West,Online,New,PayPal,5.0,No,4
101386,5211,2025-04-09,Decor,Framed Print,54.08,3,0,North West,Online,New,PayPal,4.2,No,7
100968,5285,2025-05-02,Kitchen,Cast Iron Pan,31.72,2,10,Scotland,Online,Returning,PayPal,3.9,No,4
101577,5493,2025-08-31,Decor,Ceramic Vase,59.68,2,0,South West,Online,Returning,PayPal,4.1,No,2
101683,5031,2025-09-19,Decor,Woven Basket,60.37,1,0,South West,Online,New,Gift Card,4.3,No,2
100973,5429,2025-07-16,Decor,Woven Basket,77.79,1,0,North East,In-Store,New,Card,3.8,No,2
100188,5342,2026-03-20,Kitchen  ,Ceramic Mug Set,50.81,3,5,Scotland,Online,VIP,PayPal,5.0,No,4
100247,5681,2025-12-18,Kitchen,Kettle,26.16,1,5,Wales,Online,New,PayPal,5.0,No,5
101536,5028,2025-04-03,Storage,Laundry Basket,30.32,2,10,North East,Online,Returning,Klarna,3.0,No,4
101652,5016,2025-01-21,Lighting,Pendant Light,52.56,1,0,Midlands,Online,Returning,Card,5.0,No,3
100284,5441,2025-05-26,Lighting,Table Lamp,25.2,1,0,London,In-Store,New,PayPal,4.1,No,1
101629,5349,2025-11-07,Storage,Storage Ottoman,41.99,2,0,North East,In-Store,New,Klarna,4.5,No,4
101129,5500,2025-06-28,Bedding,Wool Throw,47.01,4,5,Midlands,Online,Returning,Klarna,4.5,No,1
100904,5795,2025-07-19,Decor,Candle Set,33.28,1,0,Wales,Online,Returning,Card,4.0,No,4
101919,5406,2025-04-05,Lighting,Floor Lamp,78.1,2,25,South East,In-Store,VIP,Card,4.9,No,3
100976,5203,2025-09-11,Kitchen,Chopping Board,38.16,1,5,Wales,Online,Returning,Card,3.8,No,6
101726,5704,2025-09-18,Bedding,Linen Duvet Set,50.12,2,0,South West,In-Store,New,PayPal,2.8,Yes,5
100123,5588,2025-06-03,Furniture,Bar Stool,56.15,2,15,North East,Online,Returning,Card,3.7,No,2
101476,5271,2025-07-16,Storage,Shoe Rack,-31.6,1,0,South West,In-Store,New,Card,2.8,No,2
101646,5265,2025-08-06,Bedding,Linen Duvet Set,41.52,3,5,Scotland,Online,New,Card,,No,0
100870,5036,2025-02-01,Furniture,Accent Chair,38.69,1,0,North West,Online,New,Card,2.6,No,4
101303,5629,2025-05-22,Kitchen,Kettle,53.7,1,0,London,In-Store,VIP,Klarna,3.0,No,2
101252,5370,2025-01-26,Bedding,Mattress Topper,37.75,3,0,Wales,Online,New,PayPal,3.8,No,1
100757,5663,2025-02-15,Kitchen,Chopping Board,43.13,2,0,South East,Online,New,PayPal,3.8,No,0
100068,5333,2025-11-28,Bedding,Wool Throw,42.29,1,5,Midlands,Online,VIP,Card,,No,1
101828,5886,2025-07-20,Bedding,Mattress Topper,73.7,1,20,Wales,Online,New,PayPal,3.4,No,3
100333,5278,2026-02-25,Decor,Woven Basket,93.1,1,15,Midlands,Online,VIP,Card,4.1,No,4
100337,5866,2025-05-29,Decor,Candle Set,57.48,1,0,London,In-Store,VIP,Card,4.6,No,4
100913,5338,2025-01-27,Decor,Ceramic Vase,25.76,2,0,Wales,Online,Returning,PayPal,3.4,No,1
101226,5872,2026-03-22,Bedding,Wool Throw,71.29,1,15,London,Online,New,PayPal,4.2,Yes,1
100473,5388,2026-01-23,Furniture,Console Table,42.37,2,0,North West,Online,New,Gift Card,2.7,No,4
100902,5038,2025-03-01,Kitchen,Cast Iron Pan,82.48,2,10,South East,Online,New,Card,5.0,No,2
101392,5476,2025-05-15,Lighting,Pendant Light,53.18,4,5,North East,Online,New,Klarna,5.0,No,2
101903,5647,2025-03-28,Bedding,Pillow Pair,49.76,1,15,Midlands,Online,New,Card,3.5,No,6
100478,5016,2026-02-04,Decor,Wall Mirror,42.8,1,25,North East,In-Store,New,Card,4.1,No,3
101165,5465,2025-03-15,Lighting,Fairy Lights,60.2,1,0,South East,Online,New,Card,3.2,Yes,1
102037,5525,2026-03-06,Furniture,Coffee Table,29.26,3,5,North East,In-Store,New,Card,4.6,No,1
100133,5081,2025-05-03,Decor,Ceramic Vase,40.85,3,0,South East,In-Store,VIP,Gift Card,2.1,No,3
102044,5674,2025-01-15,Bedding,Pillow Pair,27.97,2,0,North West,In-Store,Returning,Card,3.0,No,0
100982,5631,2025-03-30,Lighting,Floor Lamp,64.97,1,25,Scotland,Online,Returning,Card,3.4,No,2
101615,5054,2025-06-24,Furniture,Accent Chair,29.65,3,0,London,Online,New,PayPal,3.2,No,3
100257,5609,2026-01-18,Bedding,Cushion Cover,64.61,1,0,North West,Online,Returning,Card,2.0,No,3
100551,5722,2025-04-22,Lighting,Fairy Lights,108.91,2,0,Wales,In-Store,Returning,PayPal,4.4,Yes,4
101316,5269,2026-03-19,Decor,Ceramic Vase,48.9,2,0,Scotland,Online,VIP,Card,3.7,No,1
100899,5063,2025-03-25,Lighting,Fairy Lights,47.17,1,15,Wales,In-Store,Returning,PayPal,4.4,No,1
100290,5426,2025-06-12,Bedding,Wool Throw,62.58,1,0,Midlands,In-Store,New,Card,2.7,No,8
101597,5593,2025-11-09,Bedding,Mattress Topper,70.37,4,0,London,Online,VIP,Card,4.1,No,6
100778,5106,2026-02-13,Decor,Wall Mirror,71.59,1,5,North West,Online,Returning,Klarna,3.6,No,3
100054,5420,2025-08-16,Bedding,Linen Duvet Set,28.02,1,0,North East,Online,New,Klarna,4.6,No,3
100558,5787,2025-10-16,Decor,Wall Mirror,35.46,2,0,Wales,Online,New,Card,5.0,No,2
100041,5148,2025-04-12,Lighting  ,Floor Lamp,37.68,1,10,London,Online,Returning,Card,4.1,No,2
102178,5432,2025-04-30,Kitchen,Knife Block,39.44,1,5,South West,In-Store,Returning,Card,5.0,No,3
100262,5153,2025-04-08,Bedding,Mattress Topper,57.44,1,0,London,Online,New,Card,3.1,Yes,2
101872,5186,2025-12-23,Bedding,Mattress Topper,29.56,1,10,Midlands,Online,Returning,Klarna,4.5,No,5
100084,5749,2025-12-25,Decor,Framed Print,27.86,4,5,London,In-Store,New,Card,4.5,No,5
101439,5287,2025-02-07,Decor,Ceramic Vase,48.36,3,0,South West,In-Store,New,PayPal,4.3,No,3
102059,5354,2025-10-02,Storage,Shoe Rack,56.3,3,0,London,Online,Returning,PayPal,4.2,No,4
101746,5881,2025-11-30,Storage,Drawer Organiser,73.38,1,25,South East,In-Store,Returning,Card,4.5,No,1
100031,5405,2025-10-15,Lighting,Desk Lamp,21.24,2,20,South East,Online,New,Card,4.4,No,1
101691,5694,2025-09-16,Kitchen,Kettle,51.49,4,0,Scotland,In-Store,Returning,Klarna,3.1,No,3
101985,5573,2025-01-26,Storage,Drawer Organiser,33.53,1,10,London,Online,VIP,Card,3.1,No,9
101216,5102,2025-07-07,Lighting,Fairy Lights,27.81,3,0,South West,Online,Returning,Card,4.9,No,2
101021,5050,2025-11-15,Lighting,Fairy Lights,31.94,3,5,South West,Online,New,PayPal,3.2,No,3
101888,5372,2026-02-27,Bedding,Pillow Pair,53.24,2,0,South East,In-Store,New,PayPal,4.3,No,5
101257,5199,2025-12-08,Storage,Laundry Basket,57.96,2,15,London,Online,Returning,Card,4.7,No,2
102133,5467,2026-01-27,Kitchen,Ceramic Mug Set,84.86,1,5,South West,Online,Returning,Card,3.2,No,5
100049,5610,2025-03-12,Furniture,Accent Chair,56.95,2,5,London,Online,Returning,Card,3.8,Yes,2
101412,5505,2025-11-07,Lighting,Pendant Light,53.75,3,0,London,In-Store,Returning,Klarna,4.5,No,4
100894,5882,2025-04-20,Storage,Shoe Rack,43.38,1,0,South East,Online,New,Card,4.6,No,3
100154,5264,2025-07-31,Bedding,Pillow Pair,19.99,2,0,North West,Online,VIP,Card,,No,3
100395,5647,2025-05-20,Lighting,Floor Lamp,46.19,2,0,North East,Online,Returning,PayPal,4.1,No,2
100269,5551,2025-01-13,Bedding,Pillow Pair,41.92,2,15,North East,In-Store,New,Card,3.4,No,3
100386,5110,2025-09-10,Furniture,Bar Stool,87.68,2,15,Midlands,Online,VIP,Card,4.6,Yes,3
100042,5682,2025-10-29,Kitchen,Cast Iron Pan,81.51,4,20,North East,In-Store,Returning,PayPal,4.7,No,4
100598,5701,2025-09-16,Lighting,Pendant Light,67.86,3,10,South West,Online,Returning,Card,3.7,No,3
101090,5127,2025-03-26,Furniture,Coffee Table,76.76,2,5,South East,Online,VIP,Card,3.5,No,1
100681,5651,2025-01-19,kitchen,Knife Block,59.49,2,0,London,Online,New,Card,4.3,No,5
101284,5720,2025-04-15,Bedding,Linen Duvet Set,29.91,1,15,London,Online,VIP,PayPal,3.6,No,1
100525,5286,2025-12-26,Kitchen,Knife Block,70.43,1,0,London,In-Store,VIP,PayPal,5.0,No,4
101248,5418,2025-09-14,Decor,Candle Set,35.17,2,20,South East,Online,Returning,Card,5.0,No,1
102138,5020,2025-05-30,Kitchen,Knife Block,50.97,1,0,Wales,Online,New,Klarna,3.8,No,2
101279,5007,2025-07-06,Storage,Drawer Organiser,20.41,1,0,Wales,Online,New,Card,4.3,No,3
101017,5345,2025-01-03,Lighting,Floor Lamp,41.31,4,0,Midlands,In-Store,New,Card,5.0,No,4
101535,5734,2025-05-27,Kitchen,Cast Iron Pan,42.39,4,0,Wales,Online,VIP,Klarna,3.8,No,2
101196,5570,2025-12-28,Storage,Wall Shelf Unit,45.01,3,0,Wales,In-Store,New,Card,3.7,No,3
101295,5856,2026-02-27,Kitchen,Kettle,47.11,2,10,London,Online,Returning,Card,4.0,No,5
100226,5275,2025-09-13,Decor,Woven Basket,34.83,1,0,North East,Online,Returning,Card,4.1,No,4
101460,5464,2025-08-13,Kitchen,Kettle,34.97,1,0,London,Online,New,Card,3.8,No,4
102102,5601,2025-10-26,Decor,Wall Mirror,24.22,2,0,Midlands,Online,Returning,PayPal,3.8,Yes,5
101605,5111,2025-01-11,Kitchen,Kettle,25.84,3,10,Midlands,In-Store,Returning,Card,5.0,No,1
100404,5874,2025-09-14,Decor,Woven Basket,13.37,4,25,London,Online,Returning,PayPal,,No,7
102149,5762,2025-12-15,Bedding,Cushion Cover,57.89,1,25,Wales,Online,Returning,Gift Card,4.5,No,4
100206,5239,2026-01-12,Lighting,Fairy Lights,36.43,1,5,North East,In-Store,Returning,PayPal,3.1,No,3
101028,5252,2025-06-22,Kitchen,Kettle,38.49,1,5,Midlands,Online,New,Card,4.6,No,5
101959,5594,2025-04-01,Furniture,Coffee Table,22.77,4,0,North West,Online,New,Card,3.9,No,2
101137,5652,2025-08-26,Bedding,Pillow Pair,45.3,1,0,North East,In-Store,Returning,Gift Card,4.4,No,4
101047,5215,2025-12-16,Lighting,Pendant Light,40.1,1,0,London,Online,Returning,Card,3.4,No,2
100694,5851,2026-02-20,Bedding,Pillow Pair,33.78,3,0,North East,In-Store,Returning,PayPal,4.0,No,2
101869,5027,2025-12-02,Storage,Wall Shelf Unit,36.65,1,10,Scotland,In-Store,New,Card,4.0,No,4
102193,5257,2025-01-06,Bedding,Cushion Cover,29.0,2,20,South West,In-Store,Returning,PayPal,4.0,No,2
101260,5721,2025-06-30,Decor,Wall Mirror,22.43,2,5,Wales,Online,New,Card,5.0,No,6
101339,5697,2025-08-29,Kitchen,Cast Iron Pan,16.65,1,0,Midlands,Online,New,Klarna,4.7,No,1
101427,5604,2025-12-17,storage,Storage Ottoman,57.62,3,0,South West,In-Store,VIP,Card,3.2,No,3
101262,5832,2026-03-07,Decor,Wall Mirror,33.4,2,0,South West,Online,New,Card,3.8,No,7
100158,5501,2025-04-10,Bedding,Cushion Cover,26.67,1,10,North West,Online,Returning,Card,2.5,No,3
101644,5535,2025-05-17,Bedding,Pillow Pair,33.74,1,20,North West,Online,Returning,Klarna,4.3,No,2
100306,5126,2025-02-22,Kitchen,Ceramic Mug Set,37.57,1,25,Wales,Online,Returning,Card,3.7,No,4
100657,5689,2025-09-16,Bedding,Linen Duvet Set,22.43,4,15,Wales,In-Store,Returning,Klarna,4.8,No,5
100400,5279,2025-06-27,Storage,Storage Ottoman,69.54,2,0,London,In-Store,Returning,Klarna,4.2,Yes,4
100799,5283,2025-07-17,Storage,Wall Shelf Unit,37.34,1,0,South East,Online,Returning,Card,3.9,No,1
102095,5146,2026-02-26,Decor,Ceramic Vase,33.61,1,0,South West,Online,Returning,Card,4.1,No,3
100619,5055,2025-02-28,Furniture,Oak Bookshelf,38.55,4,0,North East,In-Store,Returning,Card,4.6,No,3
100509,5241,2025-11-29,Kitchen,Chopping Board,91.21,3,0,North West,Online,VIP,Klarna,3.4,No,2
101627,5520,2025-06-03,Lighting,Fairy Lights,42.68,1,0,South East,Online,Returning,PayPal,3.1,No,2
100737,5657,2025-12-16,Lighting,Fairy Lights,55.53,3,0,Wales,In-Store,New,Card,4.3,No,4
101361,5074,2025-02-01,Decor,Woven Basket,52.76,2,0,Wales,Online,VIP,PayPal,4.0,No,1
101986,5714,2025-09-18,Decor,Woven Basket,17.62,1,25,South East,Online,New,Klarna,3.7,No,5
101187,5128,2025-12-19,Bedding,Pillow Pair,51.66,1,0,South East,Online,New,Card,3.4,No,0
100868,5754,2025-11-17,Kitchen,Chopping Board,22.98,3,0,South West,In-Store,New,Klarna,5.0,No,1
100460,5095,2025-03-15,Lighting,Floor Lamp,42.3,2,0,North East,Online,New,Card,3.5,No,5
101585,5572,2026-03-25,Bedding,Mattress Topper,53.44,3,0,South West,Online,Returning,PayPal,2.2,No,4
100063,5329,2025-01-15,Furniture,Console Table,56.43,1,20,North East,Online,Returning,PayPal,3.1,No,3
100600,5578,2025-06-30,Decor  ,Candle Set,35.0,1,0,North West,Online,New,Card,5.0,No,7
101875,5367,2025-05-28,Kitchen,Chopping Board,44.11,2,0,South East,In-Store,VIP,Card,5.0,No,4
101878,5806,2025-10-01,Bedding,Cushion Cover,59.84,3,0,Scotland,In-Store,Returning,Card,4.2,No,3
100458,5570,2025-05-04,Bedding,Linen Duvet Set,46.1,2,15,South East,In-Store,New,Card,4.4,No,2
101163,5763,2025-01-22,Bedding,Mattress Topper,33.54,2,5,North West,In-Store,New,Card,3.7,No,2
101118,5527,2025-07-01,Kitchen,Cast Iron Pan,21.48,4,0,Midlands,Online,Returning,Card,4.5,No,4
100871,5410,2025-07-12,Kitchen,Chopping Board,47.31,4,0,North West,Online,Returning,Card,2.8,Yes,1
100791,5086,2025-07-27,Decor,Framed Print,87.47,4,0,North East,In-Store,New,Card,4.8,No,2
101929,5164,2025-09-07,Decor,Ceramic Vase,68.56,1,5,South West,Online,VIP,Card,3.8,No,3
101421,5854,2026-03-30,Bedding,Wool Throw,25.18,3,0,North East,Online,New,Klarna,3.4,No,7
100761,5158,2026-02-24,Decor,Ceramic Vase,26.24,1,0,Midlands,Online,Returning,Card,2.9,No,2
100955,5707,2025-02-01,Kitchen,Knife Block,31.84,1,0,Wales,Online,Returning,Card,3.6,No,8
100651,5440,2025-03-30,Furniture,Bar Stool,38.12,1,0,Wales,Online,Returning,Card,1.7,No,6
101643,5402,2025-09-12,Bedding  ,Wool Throw,38.79,2,0,North West,Online,Returning,Klarna,4.5,No,1
100380,5236,2025-09-16,Storage,Drawer Organiser,38.62,1,0,North East,Online,New,Card,4.1,No,4
100565,5800,2025-04-04,Kitchen,Cast Iron Pan,40.3,1,0,Scotland,In-Store,VIP,Klarna,4.0,No,3
101523,5172,2025-12-08,Storage,Wall Shelf Unit,42.93,2,0,North East,In-Store,New,Klarna,3.6,No,3
100957,5360,2025-12-17,Kitchen,Cast Iron Pan,65.12,1,0,Midlands,Online,New,Card,3.5,No,1
100742,5686,2026-03-03,Lighting,Fairy Lights,36.06,1,15,Scotland,Online,Returning,Klarna,3.3,No,6
101835,5369,2025-07-13,Kitchen,Ceramic Mug Set,48.3,1,0,South East,Online,Returning,PayPal,5.0,No,2
100232,5770,2025-08-26,Decor,Framed Print,44.61,1,0,North East,Online,Returning,Card,3.1,No,11
101437,5384,2025-09-03,Decor,Woven Basket,48.6,2,0,South East,In-Store,New,Card,2.2,No,2
100383,5852,2025-05-13,Kitchen,Kettle,25.91,3,0,South East,In-Store,New,PayPal,4.9,No,1
102025,5065,2025-12-22,Kitchen,Chopping Board,21.14,2,0,Scotland,Online,Returning,PayPal,4.1,No,3
100073,5416,2025-05-16,Decor,Woven Basket,34.47,2,0,South West,Online,Returning,Card,4.2,No,6
101095,5295,2025-03-29,Furniture,Coffee Table,43.88,1,0,Wales,Online,Returning,Card,4.4,No,2
101583,5463,2025-02-17,Storage,Storage Ottoman,40.09,2,0,London,Online,New,Klarna,3.7,No,5
101287,5817,2025-06-04,Bedding,Pillow Pair,50.97,1,10,London,Online,Returning,PayPal,3.6,No,6
100172,5081,2026-01-10,Lighting,Floor Lamp,48.05,2,0,Scotland,Online,VIP,Gift Card,4.4,No,2
101235,5573,2025-04-18,Kitchen,Chopping Board,67.73,3,0,London,In-Store,Returning,PayPal,3.6,No,4
100169,5300,2025-03-15,Lighting,Floor Lamp,61.71,1,0,North East,In-Store,New,Klarna,3.7,No,4
101673,5240,2026-01-29,Kitchen,Chopping Board,31.67,1,0,Midlands,Online,New,PayPal,,No,5
100273,5136,2025-07-08,Decor,Wall Mirror,50.96,4,0,London,Online,New,Card,4.0,Yes,0
100421,5834,2026-01-21,Storage,Shoe Rack,31.35,2,0,North West,Online,Returning,Card,5.0,No,4
101119,5650,2025-04-27,Kitchen,Chopping Board,40.88,1,5,South West,In-Store,VIP,Card,3.7,No,4
101620,5892,2026-02-11,Decor,Wall Mirror,48.42,1,0,Wales,Online,New,Gift Card,4.1,No,2
102003,5357,2025-06-06,Kitchen,Cast Iron Pan,68.31,1,0,North West,Online,New,PayPal,3.4,No,6
101067,5833,2025-12-03,Kitchen,Cast Iron Pan,59.9,4,0,South West,Online,New,Card,5.0,No,1
100057,5491,2025-12-29,Storage,Shoe Rack,41.29,3,0,North West,In-Store,New,Card,3.4,No,3
101128,5573,2025-04-06,Decor,Framed Print,36.62,1,0,Midlands,Online,New,Klarna,3.4,No,5
101318,5531,2026-02-15,Kitchen,Chopping Board,37.1,3,10,Wales,Online,Returning,Card,2.9,No,3
101837,5847,2025-11-08,Lighting,Table Lamp,72.23,1,0,Wales,Online,Returning,Card,3.9,No,1
101532,5008,2026-01-27,Storage,Laundry Basket,40.07,4,0,North West,In-Store,Returning,Klarna,4.7,Yes,3
100039,5249,2025-08-05,Lighting,Fairy Lights,20.37,1,0,South East,In-Store,New,Klarna,5.0,No,4
100307,5271,2025-07-29,Storage,Wall Shelf Unit,14.06,1,10,Wales,In-Store,New,Card,3.2,No,5
100007,5077,2025-03-03,Decor,Ceramic Vase,64.95,3,15,Midlands,Online,New,Card,2.3,No,4
101105,5275,2025-02-23,Decor,Candle Set,37.79,1,0,London,Online,Returning,Card,5.0,No,4
100783,5110,2025-12-31,Kitchen,Kettle,22.26,1,10,Wales,Online,VIP,PayPal,3.9,No,4
100409,5840,2025-08-28,Bedding,Wool Throw,80.24,4,0,London,Online,New,Card,3.7,No,5
101197,5642,2025-07-26,Kitchen,Kettle,17.62,2,5,,Online,VIP,Card,3.6,No,4
100782,5573,2025-01-28,Lighting,Pendant Light,29.6,3,0,Midlands,In-Store,Returning,Card,2.3,No,1
101191,5373,2025-04-26,Kitchen,Cast Iron Pan,52.93,4,5,Wales,In-Store,Returning,PayPal,3.5,No,6
100535,5519,2025-07-23,Lighting,Desk Lamp,59.08,1,0,South West,Online,New,Card,2.7,Yes,4
100584,5046,2026-01-17,Lighting,Floor Lamp,21.79,1,20,Wales,Online,Returning,Gift Card,3.8,No,2
101491,5247,2025-07-02,Kitchen,Cast Iron Pan,31.89,2,5,,Online,VIP,PayPal,4.5,No,4
102158,5568,2025-04-27,Lighting,Pendant Light,32.34,4,0,Wales,Online,Returning,Gift Card,4.6,No,1
102100,5222,2025-02-12,Decor,Ceramic Vase,41.09,1,0,London,Online,Returning,Klarna,4.6,No,3
101468,5346,2025-03-24,Kitchen,Knife Block,32.91,2,0,South West,In-Store,New,Card,4.1,No,2
101321,5103,2026-01-11,Bedding,Pillow Pair,29.12,2,5,Scotland,Online,Returning,PayPal,,No,4
101277,5591,2025-09-07,Decor,Ceramic Vase,64.2,3,15,North West,In-Store,VIP,Card,3.2,No,5
100814,5255,2025-12-02,Decor,Ceramic Vase,54.51,4,10,Scotland,In-Store,New,Gift Card,3.8,No,4
100317,5657,2025-11-11,Kitchen,Cast Iron Pan,37.86,1,0,North East,Online,Returning,Card,4.0,No,2
101531,5080,2025-11-25,Storage,Storage Ottoman,45.17,1,20,Wales,Online,Returning,Gift Card,3.7,No,4
102049,5675,2026-02-20,Kitchen,Kettle,77.82,1,0,Wales,Online,Returning,Card,3.9,No,1
100517,5793,2025-07-17,Bedding,Cushion Cover,27.1,3,0,North West,Online,Returning,Card,3.3,Yes,4
101276,5641,2025-04-09,Furniture,Oak Bookshelf,97.6,1,0,South East,Online,Returning,Card,4.9,No,4
101984,5675,2026-01-23,Furniture,Accent Chair,28.83,1,10,North East,Online,New,Klarna,3.8,No,2
100534,5256,2025-04-08,Lighting,Desk Lamp,47.23,3,25,North West,In-Store,Returning,Card,3.7,Yes,3
101823,5271,2025-09-04,Lighting,Desk Lamp,-65.97,1,0,North East,Online,New,Card,3.1,No,1
101245,5787,2026-02-22,Storage,Wall Shelf Unit,41.23,1,10,Scotland,Online,Returning,Card,2.7,No,1
100272,5020,2025-02-15,Storage,Shoe Rack,51.92,1,20,Wales,Online,Returning,PayPal,3.4,No,5
100549,5464,2025-07-08,Furniture,Oak Bookshelf,42.36,2,0,Midlands,Online,Returning,Card,3.6,Yes,4
100965,5854,2025-02-28,Bedding,Mattress Topper,45.88,2,0,North East,Online,New,PayPal,3.2,No,7
102019,5647,2025-08-28,Storage,Wall Shelf Unit,58.7,1,0,South East,Online,Returning,Card,4.2,No,2
101941,5147,2025-11-27,Furniture,Coffee Table,56.28,3,0,London,In-Store,New,Card,4.4,No,2
100599,5565,2025-11-19,bedding,Cushion Cover,65.55,4,0,Wales,Online,New,Card,3.3,Yes,2
101907,5266,2025-02-16,Decor,Candle Set,33.0,2,0,North West,Online,New,Gift Card,5.0,No,2
100571,5853,2025-10-28,Kitchen,Cast Iron Pan,31.05,3,10,London,Online,Returning,Card,5.0,No,1
100075,5617,2025-03-22,Storage,Storage Ottoman,57.07,1,10,Wales,Online,Returning,Card,2.8,No,2
100062,5670,2026-03-31,Storage,Storage Ottoman,37.55,1,0,South West,Online,Returning,Card,3.3,No,0
100336,5727,2026-03-22,Bedding,Linen Duvet Set,58.53,2,15,London,Online,New,PayPal,3.4,No,1
100810,5897,2026-01-05,Decor,Woven Basket,25.3,4,0,North East,In-Store,New,PayPal,1.9,No,5
100245,5565,2025-09-30,Furniture,Console Table,64.73,2,0,North West,Online,New,PayPal,4.0,No,3
101050,5107,2025-06-29,Furniture,Coffee Table,20.45,2,0,Midlands,Online,VIP,Card,,No,3
101310,5767,2025-06-09,Lighting,Desk Lamp,39.83,1,0,Wales,In-Store,New,Gift Card,3.4,Yes,2
101724,5658,2025-07-09,Storage,Wall Shelf Unit,78.79,1,15,Scotland,In-Store,VIP,Gift Card,3.5,No,3
100106,5708,2025-02-13,Lighting,Fairy Lights,48.14,2,0,Scotland,In-Store,VIP,PayPal,4.7,No,4
100674,5085,2025-04-10,Lighting,Fairy Lights,34.02,1,10,North East,In-Store,New,Gift Card,2.5,No,1
100643,5768,2025-12-14,Furniture,Oak Bookshelf,48.84,1,15,North East,In-Store,Returning,PayPal,3.8,No,0
101510,5614,2026-01-22,Decor,Wall Mirror,39.37,1,0,London,In-Store,New,Gift Card,4.3,No,3
100666,5625,2025-01-17,Kitchen,Cast Iron Pan,29.23,1,0,South West,Online,Returning,Card,4.9,No,1
100510,5212,2026-02-02,Bedding,Pillow Pair,21.26,1,25,Midlands,Online,VIP,Gift Card,4.5,No,0
100132,5498,2026-01-27,Furniture,Oak Bookshelf,17.17,4,0,North West,Online,Returning,Card,3.4,No,6
100445,5457,2025-07-25,Lighting,Fairy Lights,25.28,1,10,Midlands,Online,New,Card,3.9,No,1
100867,5737,2026-01-13,Furniture,Bar Stool,47.99,2,0,Scotland,Online,Returning,Card,3.8,No,2
101163,5763,2025-01-22,Bedding,Mattress Topper,33.54,2,5,North West,In-Store,New,Card,3.7,No,2
101447,5844,2025-10-20,Lighting,Floor Lamp,51.91,2,0,South East,Online,New,Klarna,4.0,No,2
101922,5482,2026-03-07,Decor,Candle Set,82.86,4,0,Wales,In-Store,Returning,Card,4.2,No,5
100209,5237,2025-07-31,Lighting,Table Lamp,51.13,4,20,North West,Online,New,Gift Card,3.7,No,5
100058,5138,2025-10-24,Decor,Framed Print,56.96,1,0,Scotland,In-Store,Returning,Card,3.4,No,3
101045,5638,2025-11-28,Kitchen,Chopping Board,47.18,2,15,Scotland,In-Store,VIP,Card,4.8,No,7
101965,5735,2025-11-22,Bedding,Cushion Cover,20.08,2,0,Scotland,Online,New,Card,5.0,No,4
101345,5168,2025-01-17,Lighting,Floor Lamp,43.04,2,0,Scotland,Online,New,PayPal,4.6,No,2
101347,5770,2025-07-06,Furniture,Console Table,70.95,4,15,London,Online,Returning,Card,4.8,Yes,0
100087,5087,2026-02-17,Storage,Laundry Basket,52.51,4,0,Wales,In-Store,New,Card,5.0,No,3
102120,5631,2025-01-20,Furniture,Oak Bookshelf,42.9,1,0,North West,In-Store,Returning,Klarna,4.2,No,4
100772,5887,2025-01-24,Bedding,Cushion Cover,41.92,1,0,North West,Online,New,PayPal,4.5,No,4
101462,5281,2025-08-02,Storage,Storage Ottoman,26.52,4,0,South East,In-Store,New,Card,4.9,No,4
101446,5032,2025-08-29,Decor,Ceramic Vase,37.64,2,5,London,Online,Returning,Card,4.0,No,3
100709,5428,2025-02-28,Storage,Drawer Organiser,18.99,2,5,Wales,In-Store,Returning,PayPal,5.0,No,3
101110,5040,2026-03-06,kitchen,Cast Iron Pan,33.72,2,20,Wales,In-Store,New,Card,4.3,No,1
101846,5555,2025-01-07,Lighting,Desk Lamp,23.32,1,0,Wales,In-Store,New,Card,3.9,No,2
101588,5070,2025-01-10,Kitchen,Chopping Board,46.93,1,0,North West,Online,New,PayPal,3.2,No,2
101852,5227,2025-06-29,Bedding,Linen Duvet Set,48.95,1,0,North West,Online,New,Card,2.8,No,1
100539,5486,2025-08-12,Decor,Candle Set,41.58,1,0,London,In-Store,VIP,PayPal,3.2,No,4
101705,5827,2026-02-02,Furniture,Accent Chair,43.32,2,0,North East,Online,Returning,Card,2.7,No,3
102165,5859,2025-09-21,decor,Framed Print,65.97,4,0,Scotland,Online,New,Card,3.3,No,7
101842,5087,2025-10-24,Decor,Wall Mirror,24.84,4,0,Midlands,Online,Returning,PayPal,4.7,No,5
102146,5399,2025-08-17,Storage,Drawer Organiser,45.45,4,0,Wales,Online,New,Card,3.6,No,1
100419,5266,2025-10-26,Decor,Wall Mirror,71.77,2,0,Wales,In-Store,VIP,Gift Card,5.0,No,3
100498,5336,2025-07-10,Kitchen,Cast Iron Pan,41.6,1,0,North East,Online,VIP,Klarna,3.9,Yes,2
101074,5472,2025-07-03,Decor,Framed Print,43.8,2,25,North East,Online,Returning,Card,3.1,No,2
102020,5414,2025-03-16,Decor,Woven Basket,53.6,4,0,Midlands,In-Store,VIP,Card,1.5,Yes,4
101555,5412,2025-01-18,Furniture,Bar Stool,48.49,2,0,North West,Online,Returning,Card,4.1,No,1
100852,5721,2025-03-21,Kitchen,Knife Block,48.59,3,5,North West,In-Store,Returning,PayPal,2.0,No,4
101005,5115,2025-05-17,Storage,Drawer Organiser,30.0,1,15,Midlands,In-Store,New,PayPal,4.3,No,5
102066,5458,2026-03-27,Bedding,Mattress Topper,42.92,1,0,Midlands,Online,Returning,Card,4.0,No,2
102004,5412,2025-03-01,Bedding,Wool Throw,37.84,3,0,Wales,Online,New,Card,5.0,No,1
101033,5657,2025-11-04,bedding,Wool Throw,70.19,1,0,London,In-Store,Returning,Gift Card,4.0,No,4
101542,5217,2025-05-18,Kitchen,Chopping Board,54.78,2,5,London,Online,New,PayPal,3.7,No,4
102112,5607,2026-01-25,Decor,Ceramic Vase,39.99,1,0,Scotland,In-Store,Returning,Card,4.9,No,2
102081,5744,2025-08-06,Kitchen,Ceramic Mug Set,60.2,1,0,Scotland,Online,VIP,PayPal,4.1,No,5
100305,5488,2025-01-24,Lighting,Floor Lamp,29.68,3,0,North West,Online,VIP,Card,4.8,No,2
101792,5792,2025-12-09,Furniture,Coffee Table,76.72,1,15,Scotland,Online,New,Card,3.5,No,2
101099,5037,2025-09-03,Furniture,Bar Stool,35.27,4,0,North West,In-Store,VIP,Klarna,5.0,No,5
100336,5727,2026-03-22,Bedding,Linen Duvet Set,58.53,2,15,London,Online,New,PayPal,3.4,No,1
100996,5563,2025-03-21,Furniture,Coffee Table,35.16,2,5,Scotland,Online,New,Card,3.1,No,8
100570,5514,2026-03-13,Storage,Drawer Organiser,32.27,1,0,Scotland,In-Store,New,Card,5.0,No,3
100089,5691,2026-03-03,Kitchen,Knife Block,80.24,2,5,North West,In-Store,New,Card,5.0,No,5
100875,5627,2025-09-22,Storage,Wall Shelf Unit,39.06,3,0,Midlands,Online,Returning,PayPal,2.7,No,4
101369,5866,2025-12-10,Decor,Woven Basket,69.83,2,0,Scotland,Online,New,Card,4.9,No,3
101242,5699,2025-01-12,Kitchen,Kettle,67.45,2,0,Wales,In-Store,Returning,Card,3.2,No,1
101806,5040,2026-03-10,Kitchen,Chopping Board,46.88,1,0,North East,Online,Returning,Card,4.5,No,2
100713,5654,2025-08-03,Bedding,Pillow Pair,42.14,2,5,South East,Online,New,PayPal,4.6,No,1
101069,5300,2025-03-03,Storage,Wall Shelf Unit,31.57,1,0,Midlands,In-Store,New,Klarna,3.3,No,2
101772,5339,2026-02-26,Kitchen,Ceramic Mug Set,21.06,3,15,North West,Online,New,Card,5.0,No,6
102117,5864,2026-03-22,Storage,Wall Shelf Unit,33.94,1,10,South East,Online,Returning,Card,5.0,No,3
101635,5373,2025-03-06,Lighting,Fairy Lights,44.22,2,0,North East,Online,New,PayPal,5.0,No,5
100222,5410,2025-12-11,Kitchen,Knife Block,51.88,2,0,North West,Online,Returning,Card,3.8,No,3
100320,5691,2026-03-30,Kitchen,Chopping Board,28.19,1,0,South East,Online,Returning,Card,5.0,No,1
100520,5534,2025-03-16,Bedding,Linen Duvet Set,36.89,1,10,Wales,Online,Returning,PayPal,3.5,No,8
100879,5493,2025-04-04,bedding,Cushion Cover,47.44,1,20,South West,Online,Returning,Gift Card,4.1,No,0
100630,5329,2025-02-27,Decor,Ceramic Vase,32.62,2,0,London,Online,New,Gift Card,3.4,No,4
100826,5081,2025-10-13,Kitchen,Knife Block,28.95,3,0,North West,Online,Returning,PayPal,4.9,No,3
101199,5722,2025-01-04,Decor,Ceramic Vase,49.96,4,0,South West,Online,New,PayPal,3.4,Yes,1
101291,5210,2025-02-19,Bedding,Linen Duvet Set,68.28,4,0,Wales,Online,New,Gift Card,4.9,No,3
101031,5438,2026-01-18,Furniture,Oak Bookshelf,35.62,2,25,,Online,VIP,Card,3.1,No,4
101737,5452,2025-08-27,Lighting,Table Lamp,39.01,3,0,South West,Online,New,PayPal,3.6,No,2
100139,5312,2025-01-20,Bedding,Cushion Cover,21.17,2,0,London,Online,Returning,PayPal,5.0,No,2
100164,5365,2025-02-24,Storage,Laundry Basket,45.47,3,0,Wales,In-Store,Returning,Card,3.8,No,3
100002,5696,2025-01-04,Storage,Laundry Basket,59.01,1,10,North West,Online,New,Gift Card,4.4,No,4
101719,5371,2025-01-28,Bedding,Pillow Pair,70.97,1,0,Wales,In-Store,Returning,PayPal,3.0,Yes,3
100961,5138,2025-02-23,Storage,Wall Shelf Unit,75.29,1,20,South West,Online,New,Card,,No,2
101964,5736,2025-04-02,Furniture,Bar Stool,44.56,1,0,South West,Online,New,PayPal,4.0,No,3
101524,5135,2026-03-29,Furniture,Console Table,61.62,2,0,North West,Online,New,PayPal,4.7,No,0
101399,5022,2025-05-10,Storage,Drawer Organiser,24.82,2,0,Scotland,In-Store,Returning,PayPal,3.4,No,7
102173,5897,2025-04-14,Bedding,Mattress Topper,37.56,1,5,Wales,Online,New,PayPal,4.8,No,4
101543,5079,2026-03-04,Storage,Drawer Organiser,71.37,1,0,Midlands,In-Store,New,Card,4.7,No,5
101060,5279,2025-07-06,Kitchen,Cast Iron Pan,34.69,2,0,Scotland,Online,Returning,Klarna,4.3,No,2
100634,5341,2025-09-06,Decor,Framed Print,35.76,1,5,Wales,Online,Returning,PayPal,4.3,No,1
101243,5866,2025-07-27,Kitchen,Cast Iron Pan,19.58,1,0,London,In-Store,New,Card,3.7,No,4
101409,5001,2025-10-08,kitchen,Chopping Board,48.74,1,0,North West,Online,VIP,Gift Card,5.0,No,6
100656,5479,2025-02-05,Storage,Storage Ottoman,52.04,2,10,South East,In-Store,Returning,Gift Card,4.5,No,3
100017,5461,2025-07-25,Kitchen,Cast Iron Pan,23.04,2,0,Wales,Online,New,Klarna,5.0,No,0
101935,5132,2026-03-26,Bedding,Wool Throw,34.28,4,0,Midlands,Online,Returning,Gift Card,4.1,No,5
101383,5312,2025-04-04,Furniture,Oak Bookshelf,37.51,2,5,Scotland,Online,Returning,PayPal,4.2,No,6
100138,5027,2026-01-08,Lighting,Desk Lamp,64.55,3,25,Midlands,Online,Returning,PayPal,1.6,No,3
101454,5221,2025-08-23,Kitchen,Knife Block,50.0,1,0,South West,Online,Returning,Card,5.0,No,1
100698,5531,2025-10-12,Kitchen,Kettle,35.27,1,5,London,Online,New,Klarna,1.2,No,7
101098,5679,2026-02-17,Furniture,Bar Stool,31.57,1,0,South West,Online,New,Klarna,3.8,No,7
101356,5447,2025-07-23,Decor,Wall Mirror,71.85,3,0,Midlands,Online,VIP,Gift Card,4.7,No,5
101914,5699,2026-03-22,Bedding,Pillow Pair,31.39,1,0,South West,Online,New,Card,4.6,No,3
100449,5468,2026-03-03,Bedding,Pillow Pair,48.96,1,0,North West,Online,New,PayPal,5.0,No,6
100036,5057,2025-12-26,Storage,Shoe Rack,40.9,2,10,South West,Online,New,Card,3.4,No,2
101267,5049,2025-09-03,Bedding,Mattress Topper,57.83,3,0,South East,In-Store,VIP,Klarna,3.9,No,3
100328,5033,2026-03-08,Storage,Drawer Organiser,47.34,3,0,Scotland,Online,Returning,Card,4.1,Yes,1
100318,5654,2025-08-28,Lighting,Table Lamp,20.03,1,0,Midlands,Online,New,Card,3.5,Yes,1
101812,5587,2026-02-07,Kitchen,Chopping Board,16.06,1,15,South East,Online,Returning,PayPal,5.0,No,2
101170,5825,2025-02-23,Furniture,Accent Chair,34.43,1,0,Scotland,In-Store,Returning,Gift Card,3.1,No,2
100527,5831,2025-03-04,Decor,Wall Mirror,40.38,1,10,North East,Online,New,Card,4.0,No,3
100088,5281,2026-01-09,Decor,Woven Basket,39.89,2,0,Scotland,Online,Returning,PayPal,,No,1
101513,5669,2026-01-03,Storage,Wall Shelf Unit,76.01,1,5,Scotland,Online,New,Card,3.8,No,2
102008,5137,2026-03-03,Kitchen,Ceramic Mug Set,45.52,3,0,Midlands,Online,New,Gift Card,5.0,Yes,0
100149,5739,2025-04-02,kitchen,Kettle,46.78,1,0,North West,Online,VIP,Card,4.2,No,4
101924,5391,2025-05-01,Furniture  ,Oak Bookshelf,64.96,4,0,Wales,Online,VIP,Klarna,3.2,No,7
101944,5027,2025-07-23,Furniture,Console Table,133.98,1,5,South East,In-Store,Returning,Card,4.0,No,6
101432,5166,2025-09-06,Storage,Drawer Organiser,30.71,2,0,South West,Online,VIP,Klarna,,No,3
101858,5525,2025-08-30,Storage  ,Wall Shelf Unit,32.03,3,0,Scotland,Online,VIP,Card,3.1,No,4
101969,5755,2025-08-19,Bedding,Wool Throw,27.27,2,0,Wales,In-Store,New,Card,4.6,No,7
100366,5466,2025-07-16,Furniture,Console Table,32.26,1,0,London,Online,New,Card,4.3,No,6
100590,5759,2026-01-15,Furniture,Accent Chair,40.48,2,25,South West,Online,New,PayPal,3.9,No,3
101788,5089,2025-02-02,Furniture,Bar Stool,62.71,3,5,London,In-Store,New,Card,4.8,No,4
100199,5305,2025-04-25,Kitchen,Ceramic Mug Set,33.3,2,0,Scotland,In-Store,Returning,PayPal,4.2,No,2
102145,5326,2025-06-20,Decor,Candle Set,77.51,1,0,North West,Online,New,PayPal,3.2,No,4
100193,5546,2025-10-08,Lighting,Desk Lamp,28.13,2,25,South West,In-Store,New,Card,3.4,No,2
100405,5449,2025-12-11,Kitchen,Chopping Board,41.63,1,0,Midlands,In-Store,New,PayPal,3.9,No,5
101865,5751,2025-12-11,Kitchen,Cast Iron Pan,19.48,1,25,Scotland,In-Store,Returning,Card,5.0,No,3
100251,5161,2026-01-18,Bedding,Linen Duvet Set,49.59,2,5,Midlands,Online,Returning,Card,4.0,No,0
100484,5717,2026-01-04,Bedding,Linen Duvet Set,20.22,1,0,London,Online,Returning,Card,3.5,No,4
101183,5621,2026-03-14,Storage,Storage Ottoman,38.83,1,20,North West,In-Store,Returning,PayPal,4.1,No,2
101340,5367,2026-01-12,Lighting,Pendant Light,47.69,3,25,London,Online,VIP,Card,4.2,No,3
101281,5665,2025-12-30,Furniture,Oak Bookshelf,80.87,1,0,South East,Online,New,Card,5.0,No,2
101731,5700,2025-11-19,Bedding,Wool Throw,21.42,1,5,Wales,Online,New,Card,3.7,No,5
100792,5408,2025-10-18,Decor,Wall Mirror,71.02,1,0,Midlands,Online,New,PayPal,5.0,No,2
100800,5398,2025-10-29,Kitchen,Chopping Board,73.04,2,10,North East,Online,New,Card,3.1,No,6
100385,5028,2025-06-09,Kitchen,Kettle,79.09,2,10,North East,In-Store,VIP,Klarna,3.7,No,7
100751,5865,2025-01-15,Kitchen,Chopping Board,53.54,1,0,North West,Online,New,Card,3.2,No,2
101202,5429,2026-02-22,Decor,Framed Print,39.98,3,10,North East,Online,Returning,Klarna,4.0,No,5
100423,5689,2025-02-17,Lighting,Pendant Light,55.93,1,25,North East,In-Store,Returning,Gift Card,3.1,No,1
100315,5219,2025-02-17,Lighting,Pendant Light,58.24,3,0,South East,Online,Returning,Klarna,5.0,No,5
101022,5064,2025-04-26,Decor,Wall Mirror,45.33,3,0,South East,Online,Returning,Card,4.9,No,5
101323,5494,2026-01-12,Kitchen,Chopping Board,19.55,4,20,Midlands,Online,Returning,Card,3.2,No,4
100544,5157,2026-03-08,Decor,Framed Print,40.63,1,5,South West,Online,New,Gift Card,4.5,No,1
100914,5882,2026-02-28,Bedding,Pillow Pair,26.96,2,20,South East,In-Store,New,Klarna,4.5,No,4
100663,5031,2026-01-15,Lighting,Pendant Light,33.14,2,20,Midlands,In-Store,Returning,Card,2.2,No,2
100903,5197,2025-01-07,Storage,Storage Ottoman,39.63,2,0,Scotland,Online,VIP,PayPal,4.2,No,3
101657,5762,2025-06-13,Decor,Framed Print,64.48,1,20,Midlands,Online,New,Klarna,3.9,No,1
100686,5720,2025-03-11,Lighting,Fairy Lights,22.59,2,20,North West,Online,New,Card,,No,3
101987,5744,2025-05-01,Kitchen,Ceramic Mug Set,28.05,2,0,,In-Store,New,PayPal,4.5,No,3
100160,5705,2025-04-05,Kitchen,Kettle,52.47,3,0,South West,In-Store,Returning,Card,3.5,No,2
101000,5461,2025-05-01,Storage,Laundry Basket,42.38,2,0,South West,Online,Returning,Card,3.5,No,1
101545,5207,2025-04-20,Kitchen,Chopping Board,62.98,2,0,Midlands,In-Store,Returning,PayPal,3.3,No,1
102071,5170,2025-12-30,Storage,Storage Ottoman,59.84,1,0,Wales,Online,New,Card,3.9,No,1
100203,5445,2025-12-06,Decor,Candle Set,106.93,1,10,South West,Online,Returning,Card,4.5,No,6
101024,5757,2025-12-19,Decor,Ceramic Vase,59.61,3,5,North West,In-Store,New,Card,3.9,No,5
101817,5210,2025-05-04,Lighting,Desk Lamp,33.86,2,0,Wales,In-Store,Returning,PayPal,3.6,No,3
101410,5254,2025-11-04,Lighting,Desk Lamp,38.89,4,15,North East,In-Store,New,Klarna,4.4,No,5
100113,5500,2025-08-21,Furniture,Bar Stool,49.6,2,0,Midlands,In-Store,New,Card,3.3,Yes,2
102089,5274,2025-12-14,Storage,Storage Ottoman,31.32,1,0,Wales,Online,New,Klarna,3.1,No,5
101332,5645,2025-02-02,Kitchen,Knife Block,43.33,2,0,North East,Online,Returning,Gift Card,3.7,No,1
101465,5766,2025-08-22,Lighting,Fairy Lights,34.31,1,5,Midlands,Online,VIP,Card,4.6,Yes,1
100981,5530,2025-04-12,Storage,Storage Ottoman,33.79,3,0,Midlands,In-Store,Returning,Card,4.7,No,2
100923,5401,2025-08-03,Lighting,Table Lamp,25.13,2,25,North East,In-Store,Returning,Klarna,5.0,No,4
101759,5514,2025-02-14,Kitchen  ,Knife Block,26.2,2,0,South East,Online,Returning,Card,3.3,No,2
101882,5238,2025-05-10,Lighting,Floor Lamp,17.35,1,0,North East,Online,New,PayPal,,No,3
101682,5011,2025-04-12,Storage,Shoe Rack,48.13,1,0,South West,Online,New,PayPal,5.0,No,2
101474,5186,2025-01-01,Lighting,Table Lamp,23.34,2,0,London,Online,Returning,Klarna,4.9,No,4
101320,5357,2026-02-24,Decor,Wall Mirror,18.17,1,20,Scotland,Online,VIP,Card,2.7,No,5
100816,5753,2025-07-29,Decor,Ceramic Vase,42.33,1,5,Midlands,In-Store,Returning,Card,4.8,Yes,3
101617,5714,2025-07-25,Furniture,Oak Bookshelf,38.62,1,5,London,Online,New,Card,3.9,No,1
101534,5169,2026-03-01,Bedding,Wool Throw,80.5,1,0,North East,Online,New,PayPal,2.5,No,7
100680,5842,2026-03-21,Kitchen,Chopping Board,83.69,1,5,North West,Online,Returning,Card,5.0,No,7
101094,5353,2025-05-12,Furniture,Coffee Table,53.95,4,0,North West,Online,New,PayPal,5.0,No,1
100081,5846,2025-12-14,Furniture,Coffee Table,30.09,2,0,North East,Online,Returning,Card,3.7,No,2
100613,5705,2025-04-01,Decor,Woven Basket,31.56,3,0,Wales,Online,VIP,Klarna,4.3,No,3
101592,5311,2025-03-22,Lighting,Desk Lamp,73.84,1,0,North East,Online,New,Gift Card,4.9,No,3
101816,5099,2025-03-06,Bedding,Wool Throw,55.39,1,0,Wales,Online,Returning,Gift Card,3.8,No,3
100753,5077,2026-03-03,Kitchen,Knife Block,65.27,2,10,South East,In-Store,Returning,PayPal,4.1,No,1
101240,5036,2026-01-13,Bedding,Pillow Pair,48.3,1,0,North West,In-Store,New,Card,5.0,No,2
101565,5501,2025-07-07,Kitchen,Knife Block,45.98,3,20,Wales,Online,VIP,Card,3.0,No,1
101055,5068,2025-04-18,Kitchen,Chopping Board,66.92,2,0,North West,In-Store,Returning,PayPal,2.6,No,4
100243,5085,2025-01-05,kitchen  ,Knife Block,28.52,1,0,Wales,In-Store,Returning,Card,4.1,No,4
101589,5775,2026-03-21,Lighting,Table Lamp,66.57,1,0,Midlands,Online,Returning,Card,5.0,No,4
100642,5824,2025-11-17,Furniture,Coffee Table,28.57,2,20,Scotland,Online,New,Klarna,3.2,No,3
100697,5649,2025-10-28,Storage,Storage Ottoman,36.09,3,5,North West,Online,Returning,Card,2.9,No,5
100210,5700,2025-01-13,Storage,Shoe Rack,29.98,1,15,South East,In-Store,Returning,Card,3.6,No,0
100503,5866,2025-04-11,Furniture,Coffee Table,43.22,2,0,South West,Online,New,Card,4.3,No,5
100771,5586,2025-10-06,Furniture,Console Table,26.29,2,0,Scotland,Online,Returning,Card,4.2,No,2
100754,5842,2025-07-18,Storage,Wall Shelf Unit,38.71,1,0,Wales,In-Store,Returning,Card,4.3,No,4
100436,5111,2025-01-13,Furniture,Coffee Table,64.7,1,5,Midlands,In-Store,Returning,Card,2.4,No,3
101064,5634,2026-01-28,Furniture,Bar Stool,25.61,2,5,South West,Online,New,Klarna,3.0,No,1
100975,5133,2026-03-29,Bedding,Linen Duvet Set,40.73,1,0,Midlands,Online,New,Klarna,4.7,Yes,5
100552,5354,2025-02-06,Decor,Wall Mirror,54.84,1,0,Scotland,Online,VIP,Card,4.1,No,4
101654,5536,2025-06-10,Furniture,Oak Bookshelf,50.75,4,0,London,Online,Returning,Card,5.0,No,3
101664,5498,2025-10-05,Lighting,Desk Lamp,23.18,2,0,Wales,In-Store,Returning,Klarna,3.6,No,1
101014,5283,2026-03-15,Bedding,Cushion Cover,48.03,1,0,Midlands,Online,New,PayPal,3.9,No,4
101008,5453,2026-01-06,Kitchen,Kettle,29.13,2,0,London,Online,New,PayPal,4.4,No,3
101275,5686,2025-05-16,bedding,Mattress Topper,43.07,4,0,Wales,Online,Returning,Card,4.4,No,2
101387,5504,2025-07-25,Furniture,Coffee Table,74.46,2,15,North East,Online,VIP,Card,2.5,No,2
101296,5463,2025-08-30,Decor,Woven Basket,37.7,3,10,Midlands,In-Store,New,Card,3.2,No,4
100467,5149,2025-04-20,Storage,Wall Shelf Unit,37.07,2,15,South East,Online,VIP,Card,4.1,No,1
101747,5889,2025-01-11,Kitchen,Kettle,49.64,1,0,South East,Online,New,Card,5.0,No,2
101551,5252,2025-09-22,Kitchen,Kettle,22.84,1,0,South East,Online,Returning,Klarna,4.3,No,2
100278,5704,2025-03-22,Kitchen,Ceramic Mug Set,23.71,2,0,Midlands,Online,Returning,Gift Card,3.3,No,0
101070,5009,2026-03-24,Kitchen,Chopping Board,30.0,1,5,London,Online,Returning,Gift Card,3.1,No,3
101018,5444,2025-07-15,Kitchen,Chopping Board,75.49,1,0,North West,Online,Returning,Gift Card,4.5,No,2
101569,5818,2026-01-03,Bedding,Wool Throw,73.86,1,0,South West,Online,VIP,Gift Card,3.8,No,4
100723,5760,2025-02-26,kitchen,Kettle,45.45,2,5,South East,Online,Returning,Card,4.0,No,4
100941,5621,2025-08-12,Lighting,Floor Lamp,48.92,3,0,Midlands,Online,New,PayPal,5.0,No,4
100787,5029,2025-12-07,Kitchen,Kettle,37.79,3,0,South West,Online,VIP,Card,2.1,No,3
101832,5857,2025-08-26,Lighting,Floor Lamp,93.05,4,0,North East,Online,New,Card,4.3,No,1
101324,5797,2025-03-18,Furniture,Oak Bookshelf,24.05,1,0,South West,In-Store,New,Card,2.8,No,3
101554,5557,2025-05-03,Decor,Wall Mirror,41.27,1,0,South West,Online,Returning,Gift Card,5.0,No,2
101400,5269,2025-10-10,Furniture,Console Table,94.85,1,15,Midlands,Online,New,PayPal,3.7,No,3
101674,5682,2025-08-05,Kitchen,Ceramic Mug Set,37.42,3,0,Scotland,In-Store,Returning,Card,3.6,No,4
101547,5618,2025-07-24,Lighting,Desk Lamp,36.43,2,0,London,Online,Returning,Card,5.0,No,4
100907,5370,2026-01-27,Lighting,Floor Lamp,42.29,4,0,South West,Online,Returning,Card,4.4,No,8
101973,5613,2025-08-19,Storage,Laundry Basket,23.23,1,10,Wales,Online,Returning,Klarna,3.6,No,2
100564,5163,2025-01-17,Lighting,Table Lamp,43.08,1,5,Scotland,Online,VIP,Card,,No,2
101250,5880,2025-08-14,Decor,Candle Set,29.22,4,15,Midlands,Online,Returning,Card,2.9,No,5
100389,5802,2026-03-18,Furniture,Coffee Table,16.7,1,0,North West,Online,New,Card,4.8,No,2
100023,5164,2025-01-13,Furniture,Bar Stool,70.45,1,0,South West,In-Store,Returning,PayPal,2.9,No,3
101450,5092,2025-12-02,Storage,Wall Shelf Unit,40.22,1,0,Midlands,Online,New,PayPal,3.9,No,3
100125,5769,2025-12-06,Lighting,Floor Lamp,41.55,2,0,Midlands,Online,Returning,Card,5.0,No,4
101448,5863,2025-10-01,Furniture,Coffee Table,44.45,3,0,Midlands,Online,VIP,Card,3.8,No,3
101477,5441,2025-06-16,Lighting,Desk Lamp,49.97,1,5,North East,Online,Returning,Klarna,4.6,No,1
100774,5645,2026-03-23,Storage,Storage Ottoman,54.27,2,10,North East,Online,New,Card,4.4,No,3
100881,5077,2025-07-19,lighting,Table Lamp,29.03,3,0,London,Online,Returning,PayPal,5.0,No,3
101983,5048,2025-02-15,Decor,Ceramic Vase,43.78,4,0,Wales,Online,Returning,PayPal,5.0,No,1
101145,5297,2025-09-02,Bedding,Linen Duvet Set,32.41,3,25,Midlands,Online,Returning,Card,4.1,No,3
101167,5019,2025-10-10,Decor,Candle Set,53.59,1,0,Wales,Online,Returning,PayPal,3.9,No,1
100051,5683,2025-08-19,Bedding,Wool Throw,36.14,2,0,South East,Online,Returning,Card,4.3,No,2
101751,5838,2025-06-21,Furniture,Console Table,24.54,3,0,Scotland,Online,Returning,Card,4.2,No,6
101728,5512,2025-03-11,Decor,Woven Basket,51.03,2,0,Scotland,In-Store,Returning,Card,4.7,No,2
101106,5162,2025-04-26,Kitchen,Cast Iron Pan,40.62,2,10,Scotland,Online,Returning,Card,4.6,No,8
100704,5154,2025-10-09,Storage,Wall Shelf Unit,29.43,3,0,Scotland,Online,New,Klarna,2.9,No,3
100483,5225,2025-06-27,Kitchen,Ceramic Mug Set,36.9,2,0,North West,In-Store,New,Card,4.8,No,3
101346,5897,2025-10-15,Furniture,Coffee Table,67.91,1,0,London,Online,Returning,Card,5.0,No,0
101146,5434,2025-12-12,Bedding,Wool Throw,34.38,1,10,South East,In-Store,Returning,Card,2.7,No,5
100204,5629,2025-09-08,Storage,Wall Shelf Unit,43.05,2,15,Wales,Online,Returning,Card,3.2,No,2
100067,5814,2025-11-07,Decor  ,Wall Mirror,25.55,1,0,London,Online,New,PayPal,3.0,No,2
102038,5036,2025-02-19,Storage,Shoe Rack,34.68,2,10,Scotland,Online,Returning,Card,3.9,No,4
100734,5696,2025-07-17,Storage,Laundry Basket,47.36,3,0,South East,Online,Returning,PayPal,4.5,No,5
102077,5417,2025-01-31,Furniture,Oak Bookshelf,42.77,2,25,Scotland,Online,VIP,Card,5.0,No,0
100802,5271,2025-11-02,Bedding,Pillow Pair,101.96,2,0,North East,In-Store,VIP,Klarna,4.0,No,3
101833,5529,2025-05-03,Bedding,Pillow Pair,65.08,1,5,North East,In-Store,VIP,Card,3.5,No,1
101885,5555,2025-08-17,Bedding,Mattress Topper,40.44,4,0,South East,Online,Returning,PayPal,4.5,No,2
100908,5155,2025-06-18,Bedding,Linen Duvet Set,47.18,1,0,London,Online,VIP,PayPal,4.3,No,3
100032,5204,2025-02-01,Bedding,Mattress Topper,25.59,1,0,Midlands,Online,Returning,Card,4.4,No,2
100418,5109,2025-01-24,Storage,Shoe Rack,39.93,1,25,South East,Online,New,Card,5.0,No,3
100882,5766,2026-01-09,Kitchen,Kettle,32.57,1,0,Scotland,In-Store,Returning,Card,5.0,No,7
100633,5390,2025-05-17,Furniture,Console Table,42.36,1,0,Wales,Online,Returning,Klarna,3.9,No,2
102099,5676,2025-01-17,Bedding,Mattress Topper,37.96,1,0,North East,Online,Returning,Card,5.0,No,6
101707,5885,2025-11-22,Decor,Wall Mirror,60.45,1,20,Midlands,Online,Returning,Gift Card,4.2,No,0
100065,5369,2025-02-18,Bedding,Cushion Cover,55.1,1,0,North West,Online,Returning,Card,3.5,No,4
101923,5742,2026-03-25,Storage,Shoe Rack,36.31,4,5,Scotland,Online,Returning,Card,2.8,No,4
101430,5708,2026-01-13,Kitchen,Ceramic Mug Set,59.21,2,0,Wales,Online,Returning,Klarna,4.1,No,2
101904,5223,2025-01-08,Lighting,Fairy Lights,34.96,4,0,South East,In-Store,Returning,Card,5.0,No,3
100078,5204,2025-01-24,Kitchen,Cast Iron Pan,38.31,3,5,London,Online,VIP,Card,,No,2
100492,5780,2025-10-04,Furniture,Console Table,48.05,1,25,Wales,Online,New,Klarna,5.0,No,2
101671,5686,2025-01-21,Furniture  ,Coffee Table,22.39,4,0,London,Online,Returning,Card,4.0,No,1
101808,5433,2025-10-24,Kitchen,Cast Iron Pan,25.24,3,10,Midlands,Online,Returning,Gift Card,4.4,No,4
100533,5140,2026-02-28,Bedding,Mattress Topper,37.63,2,0,North West,Online,New,Gift Card,5.0,Yes,2
100066,5293,2025-02-13,Kitchen,Kettle,33.21,4,0,Wales,Online,Returning,Klarna,5.0,No,3
102167,5284,2025-03-17,Furniture,Console Table,48.35,3,0,North East,In-Store,Returning,Card,3.5,No,1
101436,5091,2025-08-04,Kitchen,Chopping Board,34.19,2,0,London,Online,Returning,Card,4.0,Yes,6
101285,5343,2025-07-05,Decor,Wall Mirror,47.31,2,10,London,In-Store,New,Card,4.5,No,3
100297,5764,2025-12-31,bedding,Linen Duvet Set,86.0,2,0,Midlands,In-Store,New,Klarna,3.1,Yes,4
100592,5812,2025-03-12,Kitchen  ,Chopping Board,36.75,1,15,South East,In-Store,Returning,Klarna,4.2,No,1
101444,5389,2025-08-12,Kitchen,Cast Iron Pan,30.76,1,0,London,In-Store,Returning,Gift Card,5.0,No,2
100768,5431,2025-04-14,Lighting,Pendant Light,25.82,1,25,Midlands,Online,New,Klarna,5.0,No,2
102111,5252,2025-08-25,Bedding,Mattress Topper,42.78,2,0,North West,Online,New,Card,3.3,No,2
101286,5044,2025-01-13,Decor,Framed Print,56.09,4,0,Scotland,In-Store,Returning,Card,3.3,No,1
100725,5707,2025-07-12,Kitchen,Knife Block,43.36,3,0,South East,Online,New,Gift Card,5.0,No,3
101690,5084,2026-01-11,Lighting,Pendant Light,73.91,1,0,Midlands,In-Store,New,Card,4.4,No,2
101306,5604,2026-02-09,Bedding,Pillow Pair,50.17,2,0,Scotland,Online,Returning,Card,3.7,No,3
100627,5304,2025-06-14,Furniture,Coffee Table,71.99,1,0,South West,In-Store,Returning,Klarna,3.1,Yes,2
101377,5866,2025-10-21,Decor,Candle Set,55.8,2,10,North East,In-Store,Returning,PayPal,4.0,No,5
101668,5609,2026-01-04,Lighting,Pendant Light,57.05,2,0,South East,Online,Returning,PayPal,,No,6
100746,5327,2025-02-18,Furniture,Oak Bookshelf,96.6,3,0,South East,Online,New,PayPal,3.3,No,5
101213,5414,2025-04-12,Bedding,Mattress Topper,20.85,1,0,South West,Online,New,PayPal,4.7,No,5
102116,5182,2025-05-06,Bedding,Mattress Topper,39.59,1,20,Scotland,Online,Returning,PayPal,4.6,No,2
100252,5444,2026-02-10,Decor,Ceramic Vase,44.15,1,0,South East,In-Store,New,Klarna,3.1,No,3
100477,5762,2026-03-14,Furniture,Oak Bookshelf,22.56,1,15,Midlands,Online,VIP,Card,4.2,No,2
101560,5769,2025-09-13,Kitchen,Knife Block,37.25,2,5,South East,Online,New,Card,5.0,No,3
102154,5490,2025-07-08,Kitchen,Cast Iron Pan,60.3,4,0,South West,Online,New,Klarna,5.0,No,3
100983,5492,2025-12-06,Furniture,Console Table,105.34,4,0,South East,In-Store,Returning,Card,4.3,No,2
100980,5509,2025-03-19,Bedding,Cushion Cover,71.16,2,0,North West,Online,Returning,PayPal,5.0,Yes,2
100707,5007,2025-10-12,Storage,Shoe Rack,24.84,1,10,Scotland,Online,New,Gift Card,4.4,No,4
100488,5477,2025-09-14,Bedding,Linen Duvet Set,52.93,1,10,Wales,In-Store,New,Card,3.7,No,6
100274,5862,2025-04-05,Bedding,Mattress Topper,42.01,4,10,Wales,In-Store,Returning,Klarna,3.4,No,3
101781,5042,2025-07-25,Kitchen,Chopping Board,52.73,1,0,North East,In-Store,New,Card,3.6,No,1
101976,5045,2025-06-08,Bedding,Linen Duvet Set,44.3,1,5,North East,Online,Returning,Klarna,3.3,No,1
100964,5195,2025-05-24,Decor,Ceramic Vase,48.16,1,20,Midlands,Online,VIP,Card,3.7,Yes,5
100878,5670,2026-01-06,Bedding,Linen Duvet Set,43.94,1,0,London,In-Store,New,Card,3.8,No,4
102018,5653,2025-06-05,Kitchen,Cast Iron Pan,40.7,4,0,South West,In-Store,Returning,Gift Card,5.0,No,5
102101,5821,2025-05-06,Furniture,Oak Bookshelf,36.75,4,0,London,Online,Returning,Card,5.0,No,6
102184,5580,2025-09-14,Furniture,Bar Stool,99.85,4,25,South West,Online,New,PayPal,4.4,No,1
100412,5206,2026-02-27,Decor,Framed Print,51.05,3,0,South West,In-Store,New,Klarna,5.0,No,3
101864,5334,2025-08-23,Bedding,Mattress Topper,32.02,1,0,Wales,Online,New,Card,3.2,No,5
101716,5790,2025-02-05,Lighting,Pendant Light,35.33,1,0,London,In-Store,New,Card,4.4,No,2
102074,5308,2025-05-24,Storage,Drawer Organiser,25.93,1,0,North East,In-Store,VIP,Card,4.9,No,5
100668,5774,2025-03-13,Bedding,Wool Throw,26.4,1,0,Midlands,In-Store,New,Klarna,5.0,No,5
101263,5400,2026-01-30,Kitchen,Kettle,31.74,1,20,North West,Online,Returning,Klarna,5.0,No,2
100150,5052,2025-08-18,Kitchen,Knife Block,31.06,1,5,South West,In-Store,Returning,PayPal,4.3,No,2
100645,5693,2025-07-27,Kitchen,Chopping Board,63.13,1,0,Scotland,Online,New,Card,3.8,No,5
101902,5477,2026-03-26,Bedding,Cushion Cover,36.2,4,0,Midlands,Online,Returning,Card,4.3,No,1
100219,5402,2025-05-12,Kitchen,Ceramic Mug Set,27.05,4,0,North West,Online,Returning,PayPal,3.9,No,2
100240,5564,2025-01-31,Decor,Framed Print,51.82,4,0,Midlands,In-Store,Returning,Klarna,4.6,No,0
101132,5603,2026-01-23,Lighting,Table Lamp,36.05,3,0,Scotland,Online,Returning,PayPal,5.0,No,5
101217,5456,2025-10-08,Bedding,Cushion Cover,28.17,1,20,South East,Online,VIP,Card,3.8,No,2
100793,5650,2025-03-29,Lighting,Desk Lamp,80.11,2,25,Wales,Online,Returning,Card,4.0,No,5
100192,5567,2025-03-29,Decor,Framed Print,64.24,2,0,Wales,Online,Returning,Card,3.2,No,2
100334,5746,2025-03-19,Kitchen,Chopping Board,22.83,1,0,North West,Online,New,Card,4.0,Yes,1
101796,5181,2025-06-02,Kitchen,Cast Iron Pan,60.33,1,0,Scotland,Online,Returning,Card,3.8,No,2
101572,5325,2025-05-31,Storage,Drawer Organiser,25.14,2,0,South East,In-Store,New,Klarna,4.2,No,3
100963,5756,2025-03-14,Kitchen,Kettle,28.4,4,0,Scotland,Online,VIP,Card,3.5,Yes,2
101702,5160,2026-03-10,Decor,Ceramic Vase,41.79,1,5,South East,Online,VIP,Klarna,5.0,No,2
101567,5871,2025-11-05,Bedding,Wool Throw,34.38,1,20,South East,In-Store,Returning,Card,4.9,No,4
102186,5260,2025-11-25,Storage,Storage Ottoman,41.72,3,0,South East,Online,New,Klarna,4.2,No,4
101956,5360,2025-03-26,Kitchen,Chopping Board,63.91,4,0,Scotland,Online,Returning,Klarna,4.8,No,6
101706,5773,2025-12-14,Bedding,Wool Throw,40.97,2,5,Midlands,In-Store,New,Card,4.8,Yes,7
101915,5295,2025-05-13,Decor,Framed Print,58.53,4,10,North West,In-Store,Returning,Gift Card,3.8,No,4
100583,5096,2025-12-13,Bedding,Mattress Topper,65.12,1,0,Wales,Online,Returning,Card,3.5,Yes,2
102157,5398,2026-03-16,Storage,Wall Shelf Unit,120.41,1,10,Scotland,Online,New,Gift Card,4.9,No,4
101701,5238,2025-08-24,Kitchen,Ceramic Mug Set,30.48,1,0,London,In-Store,VIP,Card,3.2,No,4
100840,5819,2025-03-31,Bedding,Pillow Pair,43.49,2,5,London,Online,New,Card,4.7,No,6
100628,5330,2026-03-06,Kitchen,Kettle,30.25,1,0,Wales,In-Store,New,Klarna,3.8,No,3
102042,5803,2025-05-05,Decor,Framed Print,51.01,4,20,Wales,Online,Returning,PayPal,4.5,No,1
100324,5824,2025-07-02,Bedding,Wool Throw,38.54,1,0,South East,In-Store,New,Card,4.7,No,3
101947,5141,2025-07-08,Kitchen,Knife Block,23.69,2,25,North East,Online,Returning,Card,3.3,No,1
101161,5524,2026-03-24,Lighting,Table Lamp,50.46,2,0,Midlands,Online,Returning,PayPal,4.4,Yes,3
100779,5243,2025-05-09,Decor,Wall Mirror,37.67,4,5,Midlands,Online,Returning,Klarna,3.7,No,3
101077,5640,2025-02-02,Furniture,Console Table,21.28,3,0,Wales,Online,Returning,Card,3.2,Yes,3
100940,5457,2025-08-13,Furniture,Bar Stool,49.71,2,0,Midlands,Online,New,Gift Card,3.4,No,4
100438,5834,2025-12-05,Kitchen,Knife Block,75.6,1,0,Scotland,Online,New,Klarna,4.0,No,4
100120,5103,2025-12-19,Storage,Drawer Organiser,-45.11,1,0,South West,Online,Returning,Klarna,4.0,No,2
101610,5113,2025-10-03,Decor,Wall Mirror,18.64,4,5,Wales,Online,New,Card,4.0,No,0
101850,5148,2025-07-27,Decor,Wall Mirror,38.98,3,15,South West,Online,Returning,Card,5.0,No,4
101366,5015,2025-04-29,Decor,Ceramic Vase,32.62,2,0,Midlands,Online,Returning,Klarna,3.7,No,4
101027,5069,2025-09-21,Bedding,Cushion Cover,23.66,4,0,London,Online,New,Gift Card,4.2,No,4
101254,5714,2025-06-08,Kitchen,Knife Block,54.86,2,0,Scotland,In-Store,New,Card,4.4,No,2
102000,5252,2025-04-19,Kitchen,Ceramic Mug Set,30.85,1,10,Scotland,In-Store,New,Klarna,4.1,No,2
101381,5882,2026-02-06,Decor  ,Woven Basket,69.39,4,0,Midlands,Online,VIP,Card,4.2,No,2
100077,5297,2025-04-06,Bedding,Wool Throw,28.97,4,0,London,Online,VIP,Card,3.5,No,1
101054,5862,2025-06-19,Furniture,Accent Chair,31.26,4,10,Wales,Online,New,PayPal,5.0,No,4
100901,5003,2025-06-16,Storage,Shoe Rack,43.97,4,0,Scotland,In-Store,Returning,Klarna,4.0,No,2
100372,5595,2026-03-01,bedding,Mattress Topper,49.15,2,10,Wales,In-Store,Returning,Card,4.4,No,4
101205,5585,2025-06-28,Storage,Storage Ottoman,25.34,3,0,London,Online,New,PayPal,4.7,No,7
101710,5190,2026-02-17,Decor,Candle Set,24.87,3,0,South West,Online,Returning,Gift Card,4.2,No,3
100950,5250,2025-02-19,Kitchen,Knife Block,48.8,2,0,Midlands,Online,New,Card,3.6,No,4
100942,5363,2025-07-05,Kitchen,Knife Block,33.09,1,15,South West,Online,Returning,PayPal,5.0,No,4
100578,5471,2026-02-15,Bedding,Cushion Cover,63.13,2,5,South West,Online,Returning,Gift Card,5.0,No,1
100820,5899,2025-12-06,Lighting,Pendant Light,20.35,2,0,South East,Online,New,Card,,Yes,4
101738,5089,2025-08-03,bedding,Cushion Cover,72.32,1,0,Scotland,In-Store,Returning,Card,5.0,No,8
101764,5541,2025-06-22,Lighting,Floor Lamp,82.59,2,0,London,In-Store,New,PayPal,4.9,No,2
102051,5155,2025-07-10,Lighting,Table Lamp,80.99,3,0,South East,Online,Returning,Card,3.8,No,4
101632,5807,2025-04-03,Bedding,Pillow Pair,25.42,4,0,South West,In-Store,Returning,PayPal,4.8,No,1
100887,5047,2025-03-24,Kitchen,Chopping Board,48.8,1,0,London,In-Store,Returning,Card,3.7,No,1
100969,5828,2026-01-10,Kitchen,Chopping Board,39.0,3,5,Midlands,Online,VIP,PayPal,2.5,No,4
101891,5166,2025-12-02,Kitchen,Cast Iron Pan,18.27,1,0,Wales,In-Store,Returning,Card,,No,4
100786,5529,2025-10-22,Lighting,Floor Lamp,30.01,2,5,South East,Online,Returning,Card,4.8,No,1
101827,5094,2025-04-06,Bedding,Wool Throw,35.01,2,0,North East,Online,VIP,Card,4.2,No,2
101990,5831,2026-02-14,Furniture,Coffee Table,-30.87,1,5,Midlands,Online,VIP,Card,4.9,No,0
101906,5220,2025-07-25,Kitchen,Chopping Board,38.66,4,0,South East,Online,Returning,PayPal,3.7,No,5
100302,5743,2025-02-15,Decor,Wall Mirror,68.98,2,5,London,Online,Returning,Card,3.2,No,5
100690,5704,2025-03-30,Kitchen,Ceramic Mug Set,40.73,1,5,Scotland,In-Store,New,Klarna,4.7,No,5
100813,5616,2025-01-21,Decor,Wall Mirror,36.45,2,5,North West,Online,New,Gift Card,4.5,No,5
101062,5618,2025-08-07,Decor,Candle Set,37.51,4,0,North West,In-Store,Returning,Card,5.0,No,5
101378,5676,2026-01-25,Lighting,Desk Lamp,59.59,3,0,Scotland,Online,Returning,Gift Card,5.0,No,2
101522,5640,2025-09-23,Bedding,Cushion Cover,44.19,2,10,London,Online,New,Card,5.0,Yes,6
100237,5596,2025-10-18,Bedding,Mattress Topper,40.81,3,5,North East,Online,New,PayPal,1.8,No,3
101116,5441,2026-01-21,Kitchen,Cast Iron Pan,25.64,1,0,London,Online,Returning,Card,4.7,No,4
101825,5695,2025-07-26,Decor,Woven Basket,13.76,3,0,Scotland,Online,Returning,Klarna,3.7,No,2
100500,5383,2025-02-23,Storage,Wall Shelf Unit,26.54,1,5,Midlands,In-Store,New,Card,2.5,No,5
102083,5292,2025-03-19,Bedding,Wool Throw,22.68,1,0,London,In-Store,Returning,Klarna,4.5,Yes,2
101578,5719,2026-01-22,Kitchen,Kettle,17.24,1,20,Midlands,Online,Returning,Card,4.0,No,3
101080,5752,2025-11-29,Kitchen,Ceramic Mug Set,73.91,3,0,Scotland,In-Store,New,Card,3.4,No,2
101327,5611,2025-03-02,Kitchen,Knife Block,29.39,1,0,North East,In-Store,New,Klarna,5.0,No,3
100795,5388,2025-12-17,Bedding,Pillow Pair,37.59,3,10,South East,Online,Returning,Card,2.0,No,1
102170,5880,2025-08-28,Furniture,Console Table,71.67,1,0,Wales,Online,New,Card,3.7,No,2
101813,5606,2025-11-10,Storage,Shoe Rack,47.73,4,10,South East,In-Store,New,Card,4.7,Yes,0
102175,5209,2025-05-19,Bedding,Cushion Cover,57.74,4,0,Scotland,In-Store,Returning,Card,3.4,No,2
100991,5308,2025-01-02,Kitchen,Cast Iron Pan,35.34,1,15,Midlands,Online,New,Card,2.1,No,6
101622,5003,2025-01-06,Bedding,Pillow Pair,65.35,2,0,Scotland,Online,VIP,PayPal,4.2,No,2
100935,5398,2025-11-20,Decor,Framed Print,65.56,2,0,North East,Online,Returning,Card,3.5,No,4
100388,5748,2025-05-26,Kitchen,Cast Iron Pan,32.9,1,5,North East,Online,New,PayPal,4.5,No,4
101739,5002,2025-11-25,Furniture,Oak Bookshelf,19.95,1,0,South East,Online,New,Card,3.3,No,6
100391,5672,2025-02-02,decor,Wall Mirror,24.56,2,0,North West,Online,Returning,Klarna,4.0,No,0
100744,5243,2025-03-27,Kitchen,Cast Iron Pan,34.28,1,20,Midlands,Online,Returning,Card,4.6,No,0
100353,5268,2025-04-09,Bedding,Wool Throw,90.61,1,10,South West,Online,VIP,PayPal,3.8,No,5
101218,5659,2026-02-03,Decor,Candle Set,60.7,4,0,South West,Online,VIP,Klarna,5.0,No,2
100236,5647,2025-09-14,Storage,Storage Ottoman,31.95,1,25,North East,Online,Returning,Klarna,4.7,No,1
100390,5137,2025-06-07,furniture,Accent Chair,31.13,1,5,South East,In-Store,New,Card,4.6,No,3
100481,5259,2025-02-23,Decor,Ceramic Vase,61.77,4,10,North West,Online,Returning,Card,4.8,No,1
100568,5224,2026-03-29,Bedding,Mattress Topper,116.6,2,0,Wales,Online,Returning,Gift Card,3.9,Yes,3
101141,5793,2025-09-04,Lighting,Pendant Light,70.81,2,20,North East,In-Store,VIP,PayPal,3.3,No,0
101991,5477,2025-07-15,Kitchen,Chopping Board,38.41,1,0,North East,Online,Returning,PayPal,4.3,No,3
100101,5749,2025-05-02,Storage,Shoe Rack,58.25,1,5,Scotland,Online,VIP,Gift Card,4.3,Yes,4
101771,5304,2025-08-06,Storage,Laundry Basket,28.25,1,5,London,Online,New,Klarna,4.6,No,6
101854,5144,2026-01-04,Furniture,Bar Stool,59.18,2,0,London,Online,New,Klarna,4.4,No,5
100121,5395,2025-02-14,Kitchen,Chopping Board,59.56,3,0,North East,Online,New,Klarna,3.9,No,4
101389,5801,2025-10-23,Decor,Wall Mirror,60.93,2,0,Scotland,Online,VIP,Klarna,3.1,Yes,1
102048,5478,2025-03-29,Kitchen,Ceramic Mug Set,52.41,1,0,South West,In-Store,New,Card,4.7,Yes,3
101025,5739,2025-10-04,Kitchen,Ceramic Mug Set,23.06,1,0,North East,Online,VIP,Klarna,5.0,No,3
101087,5721,2025-03-01,Bedding,Mattress Topper,37.74,1,0,South West,Online,VIP,Card,4.9,No,3
101273,5838,2025-12-01,Bedding,Wool Throw,19.59,2,20,South East,Online,New,Card,4.1,No,5
101478,5354,2025-12-17,Bedding,Wool Throw,89.34,2,20,North East,In-Store,VIP,PayPal,3.4,No,3
100927,5487,2026-01-14,Bedding,Cushion Cover,43.19,1,0,London,In-Store,Returning,Card,4.0,No,2
100516,5094,2025-07-30,Lighting,Table Lamp,55.06,4,0,Scotland,Online,Returning,PayPal,5.0,No,2
101595,5631,2026-02-10,Bedding,Wool Throw,44.69,1,0,Midlands,Online,Returning,Card,5.0,No,4
100224,5182,2026-01-12,Kitchen,Knife Block,45.92,1,0,London,Online,New,Card,4.8,No,1
101748,5339,2025-06-17,Kitchen,Kettle,32.75,1,0,Scotland,Online,Returning,Card,4.4,No,3
100614,5346,2026-03-15,Kitchen,Ceramic Mug Set,37.11,1,0,South East,In-Store,New,Card,3.9,Yes,2
100844,5032,2025-08-29,Furniture,Accent Chair,87.76,4,25,North East,Online,Returning,Klarna,5.0,No,6
101246,5886,2025-11-20,Lighting,Desk Lamp,62.07,1,5,North West,Online,Returning,Card,4.3,No,2
101626,5893,2026-02-16,Bedding,Cushion Cover,33.1,1,0,Scotland,In-Store,New,Gift Card,4.5,No,0
101804,5233,2025-07-23,Lighting,Fairy Lights,35.55,4,0,Scotland,Online,Returning,Card,4.5,No,0
101490,5457,2025-03-18,Furniture,Accent Chair,40.46,3,10,Scotland,In-Store,Returning,Card,4.8,No,3
100053,5327,2025-04-21,Furniture,Coffee Table,45.86,2,0,North West,Online,Returning,Klarna,3.2,No,5
100530,5828,2025-07-30,Storage,Wall Shelf Unit,60.57,1,5,Scotland,Online,VIP,Card,3.5,No,6
100486,5209,2025-08-08,Decor,Ceramic Vase,67.71,3,0,South West,In-Store,New,PayPal,4.5,No,6
102162,5219,2025-12-24,Bedding,Linen Duvet Set,64.92,4,0,North East,Online,Returning,Gift Card,4.0,No,3
100819,5599,2025-09-30,Lighting,Pendant Light,29.55,4,20,South East,Online,New,Card,5.0,No,5
101943,5786,2025-03-16,Kitchen,Knife Block,38.33,2,20,Wales,Online,New,PayPal,4.6,No,3
100156,5595,2025-06-17,Decor,Framed Print,32.66,4,0,South East,Online,Returning,Klarna,4.0,No,4
101367,5271,2025-07-11,Storage,Storage Ottoman,82.1,1,10,London,Online,Returning,Card,4.0,No,4
100601,5554,2025-12-27,Storage,Wall Shelf Unit,30.28,3,0,South East,In-Store,New,Card,4.9,No,3
101899,5672,2025-12-28,Decor,Candle Set,44.58,2,0,Wales,Online,New,Card,5.0,No,1
100249,5708,2025-12-21,Bedding,Pillow Pair,31.6,1,0,Wales,Online,New,PayPal,4.4,No,5
100762,5497,2025-07-11,Storage,Storage Ottoman,61.27,3,0,South East,In-Store,VIP,Card,2.6,No,5
101466,5100,2025-07-25,Furniture,Accent Chair,52.6,3,0,South East,In-Store,Returning,Gift Card,3.9,No,1
100589,5753,2025-01-03,Storage,Wall Shelf Unit,34.08,1,15,Wales,In-Store,Returning,Card,4.6,Yes,1
101131,5366,2025-10-07,Storage,Storage Ottoman,19.63,1,0,North East,Online,New,Card,4.9,No,4
100543,5175,2025-08-21,Kitchen,Knife Block,35.76,3,10,Wales,Online,Returning,Klarna,3.8,No,5
100794,5742,2026-01-25,Bedding,Linen Duvet Set,60.26,2,0,North West,In-Store,Returning,Card,3.4,No,4
101142,5304,2025-05-20,Decor,Candle Set,18.02,2,20,North East,Online,VIP,Gift Card,2.9,No,1
101725,5480,2025-10-18,Kitchen,Knife Block,36.67,1,0,South East,In-Store,New,Gift Card,3.5,No,4
100629,5454,2025-10-12,Decor,Ceramic Vase,50.59,1,0,Wales,In-Store,New,Gift Card,5.0,No,2
100151,5770,2025-09-03,Kitchen,Ceramic Mug Set,32.33,1,15,South East,Online,New,Card,4.7,No,0
101946,5107,2025-05-08,lighting,Table Lamp,54.02,2,25,Scotland,Online,New,Card,4.3,No,1
100292,5240,2025-05-01,Furniture,Accent Chair,37.56,1,0,North West,In-Store,New,Card,4.7,No,1
101564,5826,2025-10-17,Lighting,Floor Lamp,30.76,1,10,London,Online,Returning,Gift Card,4.4,Yes,2
100382,5843,2025-07-30,Decor,Framed Print,55.38,1,0,London,Online,New,Card,3.3,No,4
100687,5366,2026-03-01,Kitchen,Cast Iron Pan,29.32,2,0,North East,Online,New,Klarna,1.9,No,1
101368,5407,2025-03-11,Furniture,Oak Bookshelf,38.34,3,0,Wales,In-Store,VIP,Card,3.5,No,4
101225,5375,2025-10-05,Kitchen,Ceramic Mug Set,26.17,2,0,Wales,Online,Returning,PayPal,4.2,No,4
101621,5238,2025-02-27,Decor,Woven Basket,32.32,1,0,South East,Online,VIP,Card,2.8,No,2
100898,5049,2025-05-23,Furniture,Oak Bookshelf,44.96,4,0,South West,Online,Returning,Gift Card,3.9,No,3
102057,5661,2025-05-29,Kitchen,Chopping Board,36.59,2,10,Scotland,In-Store,Returning,Card,3.1,Yes,2
100855,5259,2025-12-25,Bedding,Cushion Cover,15.25,2,0,North West,Online,Returning,Card,3.9,No,5
101072,5188,2025-07-07,Bedding,Linen Duvet Set,29.39,2,0,North West,Online,New,Card,4.0,No,5
100555,5885,2026-03-27,Storage,Wall Shelf Unit,40.18,1,0,North West,In-Store,New,Klarna,4.6,No,1
101810,5863,2025-02-22,Bedding,Linen Duvet Set,17.06,1,20,Wales,In-Store,New,Gift Card,4.1,No,4
100066,5293,2025-02-13,Kitchen,Kettle,33.21,4,0,Wales,Online,Returning,Klarna,5.0,No,3
101999,5252,2026-03-10,Kitchen,Ceramic Mug Set,32.14,2,0,Midlands,Online,Returning,Klarna,4.8,No,3
101530,5826,2025-10-18,Decor,Candle Set,46.22,4,0,North West,Online,New,Card,4.4,No,4
100892,5638,2025-06-28,Storage,Storage Ottoman,49.08,1,0,South West,Online,New,Card,4.1,No,5
102062,5505,2025-04-02,Storage,Storage Ottoman,51.0,1,10,London,Online,Returning,Card,4.3,No,4
100536,5138,2025-03-05,Furniture,Accent Chair,56.43,4,5,North West,Online,New,Gift Card,4.3,No,1
101365,5499,2025-12-22,Storage,Wall Shelf Unit,31.19,1,10,North East,Online,Returning,Card,4.8,No,4
100616,5575,2025-02-12,Bedding,Pillow Pair,58.68,2,5,North West,Online,Returning,Klarna,2.7,No,4
100155,5390,2025-05-21,Furniture,Console Table,45.15,2,0,Wales,Online,Returning,Card,3.7,No,3
101194,5632,2025-03-27,Kitchen,Ceramic Mug Set,40.77,1,10,Wales,Online,New,PayPal,4.4,Yes,2
101768,5420,2025-04-20,Kitchen,Cast Iron Pan,54.84,2,15,Scotland,Online,Returning,Klarna,5.0,No,8
102031,5500,2025-02-03,Storage,Storage Ottoman,55.66,1,20,Wales,Online,New,Card,2.7,No,4
101640,5245,2026-03-10,Lighting,Table Lamp,58.61,2,15,North East,Online,Returning,Klarna,4.5,No,3
102073,5362,2026-03-01,Decor,Ceramic Vase,63.98,1,0,London,Online,New,Card,3.5,Yes,4
100323,5553,2025-04-06,Lighting,Desk Lamp,39.38,1,10,Scotland,Online,New,PayPal,3.5,No,2
102092,5293,2026-02-27,Kitchen,Cast Iron Pan,19.98,3,0,London,In-Store,New,Card,4.2,No,6
101283,5354,2025-12-28,Decor,Framed Print,29.97,2,0,London,In-Store,New,Card,3.7,No,4
100083,5144,2025-05-28,Lighting,Floor Lamp,47.55,2,0,London,Online,Returning,Card,4.1,No,3
100513,5756,2026-03-04,Lighting,Pendant Light,40.83,1,5,Wales,Online,VIP,Card,4.7,No,1
101489,5099,2026-03-16,Bedding,Wool Throw,74.28,1,5,North East,Online,VIP,PayPal,3.8,No,5
101809,5080,2025-03-28,Kitchen,Ceramic Mug Set,42.03,2,10,North East,Online,New,Card,3.0,No,2
102147,5158,2025-01-23,Decor,Candle Set,54.78,4,0,North East,In-Store,Returning,Klarna,4.5,No,2
101575,5133,2025-07-15,Decor,Candle Set,24.63,3,0,Midlands,Online,Returning,Gift Card,3.9,Yes,3
100930,5520,2025-12-27,Storage,Laundry Basket,43.01,1,0,North East,Online,Returning,Card,2.7,No,7
101937,5335,2026-03-20,Bedding,Linen Duvet Set,41.11,4,0,London,Online,VIP,Klarna,4.2,Yes,3
101358,5120,2025-06-07,Storage,Storage Ottoman,26.71,1,15,North West,In-Store,Returning,Card,5.0,No,4
100011,5473,2025-11-15,Storage,Drawer Organiser,31.17,1,15,London,In-Store,Returning,Card,,No,1
101495,5369,2025-06-29,Decor,Candle Set,35.58,4,0,South East,In-Store,Returning,Klarna,4.0,No,4
100832,5216,2025-05-05,Kitchen,Ceramic Mug Set,50.52,1,0,North East,Online,VIP,Card,4.4,No,0
100033,5082,2026-03-03,Kitchen,Kettle,27.32,2,0,Scotland,Online,New,PayPal,2.2,No,4
102063,5134,2025-05-13,Lighting,Table Lamp,27.09,2,0,South West,In-Store,Returning,Card,3.7,Yes,1
100414,5118,2025-09-29,Decor,Woven Basket,57.89,2,0,Scotland,Online,Returning,Klarna,4.7,No,3
100581,5083,2025-05-22,Kitchen,Ceramic Mug Set,68.11,2,0,South West,Online,New,Card,3.2,No,3
101407,5312,2025-05-29,Kitchen,Kettle,37.74,1,10,Scotland,Online,New,Card,2.9,No,1
101838,5274,2025-10-07,Decor,Ceramic Vase,56.0,2,0,North West,In-Store,Returning,Card,4.2,No,6
101766,5841,2026-01-23,Kitchen,Kettle,32.01,1,0,South East,In-Store,New,Card,5.0,No,3
100108,5598,2025-03-11,Furniture,Bar Stool,32.37,1,0,Scotland,In-Store,New,Card,3.7,Yes,4
100615,5617,2025-04-01,Kitchen,Knife Block,26.5,1,0,North East,Online,VIP,PayPal,3.3,No,5
101046,5138,2026-01-04,Bedding,Wool Throw,32.05,1,10,South East,Online,VIP,Card,3.5,No,5
101403,5269,2025-03-12,Bedding,Cushion Cover,30.52,2,0,South West,Online,Returning,Card,2.4,No,2
101015,5467,2025-09-13,Kitchen,Knife Block,41.25,2,0,South West,Online,Returning,Card,4.5,No,3
100090,5749,2025-07-09,Lighting,Table Lamp,47.16,2,15,South West,Online,Returning,PayPal,3.8,No,5
102016,5287,2026-03-28,Kitchen,Ceramic Mug Set,43.31,1,0,South West,Online,VIP,Card,3.1,Yes,1
101802,5421,2026-01-19,Lighting,Pendant Light,39.59,2,0,Wales,Online,Returning,PayPal,4.2,No,2
100602,5701,2025-07-22,Furniture,Console Table,73.85,1,15,Scotland,In-Store,VIP,PayPal,2.3,No,5
101238,5111,2025-10-27,Lighting,Fairy Lights,29.65,4,5,Scotland,Online,New,Card,5.0,No,5
102110,5255,2025-10-02,Bedding,Cushion Cover,21.27,1,0,Wales,In-Store,New,PayPal,4.0,No,3
100134,5503,2026-01-10,Kitchen,Ceramic Mug Set,49.3,4,5,North East,In-Store,New,PayPal,4.2,No,2
101371,5792,2025-12-30,Decor,Wall Mirror,62.02,2,15,Midlands,Online,Returning,Card,4.3,No,4
100556,5454,2026-02-01,Decor,Wall Mirror,32.48,3,15,North West,Online,New,Klarna,5.0,No,1
101032,5155,2025-04-07,Kitchen,Kettle,62.56,3,10,Wales,Online,Returning,PayPal,3.7,No,4
101856,5766,2025-06-21,Decor,Woven Basket,57.32,2,15,Midlands,In-Store,New,Card,3.4,No,3
100321,5288,2025-07-21,Kitchen,Chopping Board,62.03,2,20,Midlands,Online,Returning,Card,4.4,No,1
100256,5130,2025-08-05,Bedding,Mattress Topper,68.37,1,25,Scotland,Online,Returning,PayPal,4.7,No,7
101212,5703,2026-03-25,Kitchen,Knife Block,35.26,4,0,South East,Online,VIP,Card,3.4,No,4
102056,5329,2025-05-30,Kitchen,Kettle,64.66,4,0,South West,Online,New,Card,3.8,No,3
100635,5164,2025-06-26,decor,Ceramic Vase,55.64,2,5,North East,Online,VIP,Card,2.9,No,2
100553,5745,2025-09-23,Decor,Wall Mirror,43.9,3,0,North West,Online,Returning,Klarna,4.9,Yes,5
101329,5607,2025-03-27,Decor,Framed Print,33.21,3,0,Midlands,In-Store,VIP,Gift Card,3.3,No,3
101056,5895,2025-03-27,Decor,Ceramic Vase,26.32,3,0,Wales,Online,Returning,PayPal,4.1,No,3
101847,5362,2025-07-25,Lighting,Floor Lamp,27.3,2,5,North West,Online,VIP,Klarna,2.7,No,4
101709,5219,2025-03-31,Bedding,Pillow Pair,19.29,3,0,Scotland,Online,New,Card,3.0,No,3
100797,5871,2025-05-18,Bedding,Mattress Topper,30.08,2,0,North East,Online,Returning,Card,5.0,No,3
101968,5421,2025-03-24,Furniture,Oak Bookshelf,51.93,1,20,North East,Online,Returning,Klarna,4.1,No,1
101265,5214,2025-06-13,Decor,Wall Mirror,56.71,2,20,Wales,Online,New,PayPal,3.7,No,10
102029,5473,2025-06-08,Bedding,Mattress Topper,49.63,3,0,Scotland,Online,New,PayPal,5.0,No,3
100175,5627,2025-11-15,Lighting,Table Lamp,62.28,4,0,Midlands,Online,Returning,Card,4.7,No,2
100767,5551,2025-04-20,Lighting,Floor Lamp,26.2,1,20,South East,Online,VIP,Card,4.1,No,3
100246,5075,2026-02-12,Bedding,Mattress Topper,66.28,4,0,Wales,In-Store,VIP,Klarna,4.4,No,4
101081,5828,2025-02-09,Bedding,Wool Throw,48.8,1,20,Midlands,Online,Returning,Card,5.0,No,5
101655,5140,2025-08-08,Bedding,Linen Duvet Set,41.63,4,0,North East,In-Store,VIP,Klarna,5.0,No,8
102185,5570,2025-06-24,Decor,Woven Basket,42.52,1,0,Scotland,Online,New,Card,2.8,No,4
100145,5893,2025-09-25,Decor,Wall Mirror,41.13,1,10,Wales,In-Store,Returning,Card,3.5,Yes,0
100146,5768,2025-04-28,Kitchen,Chopping Board,47.97,1,0,London,In-Store,Returning,Gift Card,2.6,No,2
100091,5391,2025-06-29,Storage,Drawer Organiser,55.0,1,0,North East,Online,Returning,Card,4.1,No,7
101703,5613,2025-08-20,decor,Candle Set,30.54,2,15,Scotland,Online,New,Klarna,4.1,Yes,2
101417,5571,2025-01-24,Lighting,Pendant Light,26.2,1,0,Midlands,Online,Returning,Gift Card,4.7,No,4
100683,5863,2025-09-14,Bedding,Linen Duvet Set,52.37,2,0,London,Online,VIP,PayPal,4.7,No,5
100311,5599,2025-04-01,Furniture,Oak Bookshelf,26.99,3,5,London,Online,New,Card,3.5,No,2
101384,5807,2025-05-20,Decor,Candle Set,27.05,2,0,London,In-Store,VIP,Klarna,4.3,No,3
100094,5348,2025-12-07,Lighting,Floor Lamp,45.43,1,0,North West,In-Store,New,Card,3.7,No,3
101926,5118,2025-08-18,Kitchen,Ceramic Mug Set,30.87,4,0,North West,Online,New,Card,4.4,No,6
100925,5223,2025-07-20,Kitchen,Cast Iron Pan,21.51,3,0,Scotland,Online,New,Gift Card,4.3,No,1
101997,5497,2025-09-09,Kitchen,Cast Iron Pan,23.84,2,0,London,In-Store,New,PayPal,4.3,No,0
101036,5668,2025-09-17,Kitchen,Chopping Board,42.96,3,15,South West,In-Store,Returning,Klarna,5.0,No,2
101401,5769,2025-07-22,Lighting,Floor Lamp,40.46,1,5,,Online,New,Card,3.8,No,3
100244,5584,2025-04-07,Bedding,Pillow Pair,56.34,2,0,Midlands,Online,Returning,Card,4.6,No,4
101501,5476,2025-03-11,Storage,Shoe Rack,32.91,3,5,Wales,In-Store,Returning,Card,4.0,No,4
101112,5209,2025-07-02,Storage,Storage Ottoman,88.12,2,5,North East,In-Store,Returning,Gift Card,2.9,No,2
100215,5663,2025-06-19,Furniture,Console Table,29.36,3,0,North East,In-Store,Returning,Card,,No,1
101469,5699,2025-07-13,Furniture,Accent Chair,64.11,1,10,South East,Online,VIP,Card,4.3,No,6
101198,5883,2026-03-14,Kitchen,Cast Iron Pan,27.15,2,5,Wales,Online,New,Card,4.4,No,9
100999,5865,2026-03-22,Kitchen,Chopping Board,67.2,2,0,Midlands,In-Store,New,Gift Card,4.0,No,4
100854,5214,2025-06-12,Decor,Wall Mirror,41.85,1,0,South East,Online,New,Card,4.5,No,3
100426,5179,2025-09-21,Furniture,Bar Stool,73.78,2,0,North East,Online,New,Card,5.0,No,3
102064,5647,2025-12-11,Decor,Ceramic Vase,24.68,3,0,South West,In-Store,New,Card,3.2,No,0
101143,5838,2025-02-15,Kitchen,Kettle,21.04,1,5,South East,Online,New,Card,4.6,No,2
101144,5760,2025-10-09,Kitchen,Ceramic Mug Set,39.88,2,0,North West,Online,Returning,Card,5.0,No,5
101700,5865,2026-02-25,Kitchen,Kettle,66.67,3,0,Scotland,Online,New,Gift Card,5.0,No,3
100227,5727,2025-03-13,Kitchen,Kettle,43.58,1,0,Midlands,Online,New,Klarna,4.3,No,3
101930,5857,2025-07-12,Storage,Drawer Organiser,33.06,2,0,London,Online,New,Card,3.7,No,3
100001,5080,2025-06-16,Kitchen,Chopping Board,31.37,1,0,Midlands,In-Store,Returning,Card,1.9,No,3
101419,5774,2025-07-18,Lighting,Fairy Lights,50.33,1,0,Wales,Online,Returning,Card,4.0,No,1
100402,5699,2025-04-08,Bedding,Mattress Topper,80.14,1,0,South East,Online,New,Card,3.8,No,2
101429,5240,2026-01-20,Bedding,Linen Duvet Set,27.75,2,20,Wales,Online,New,Card,2.7,No,4
101104,5135,2025-05-05,Storage,Laundry Basket,49.44,3,0,North West,Online,Returning,Card,5.0,No,3
100085,5566,2025-11-06,Kitchen,Ceramic Mug Set,51.72,1,20,Wales,Online,VIP,Card,3.8,No,1
100163,5368,2026-03-14,Furniture,Console Table,53.71,2,0,South West,Online,New,Card,5.0,No,0
100115,5455,2025-04-14,Lighting,Fairy Lights,46.23,2,10,Wales,Online,Returning,Card,4.9,Yes,1
100671,5857,2025-05-09,Bedding,Wool Throw,66.06,1,20,South East,Online,Returning,Card,4.4,No,0
101175,5007,2025-11-02,Bedding,Pillow Pair,24.81,4,0,Scotland,Online,New,PayPal,4.4,No,4
102012,5353,2025-11-20,Lighting,Fairy Lights,30.43,4,10,South East,Online,New,Gift Card,5.0,No,3
101795,5430,2025-08-21,Lighting,Fairy Lights,65.11,1,15,North East,In-Store,Returning,Card,2.0,No,4
102129,5057,2025-01-22,Decor,Framed Print,44.78,2,5,North West,In-Store,Returning,PayPal,3.9,No,5
101393,5885,2026-03-25,decor  ,Wall Mirror,38.04,3,0,North West,In-Store,New,Card,2.6,No,1
101568,5543,2025-12-07,Lighting,Fairy Lights,61.04,2,0,Midlands,Online,Returning,Card,3.9,No,1
100890,5243,2025-08-01,Storage,Storage Ottoman,33.99,4,0,Wales,In-Store,Returning,Card,4.1,No,3
101502,5234,2025-04-15,Lighting,Fairy Lights,40.78,3,10,Scotland,In-Store,New,Card,3.8,No,7
101661,5557,2025-09-05,Furniture,Console Table,43.71,3,20,Midlands,Online,VIP,Card,4.1,No,3
101557,5807,2025-10-17,Lighting,Table Lamp,44.66,1,0,Scotland,Online,Returning,Klarna,3.5,No,4
100626,5209,2026-01-19,Decor,Candle Set,38.64,2,25,North West,Online,Returning,Klarna,2.6,No,2
102001,5790,2025-11-05,Kitchen  ,Knife Block,20.39,1,0,London,Online,New,Card,4.4,No,3
101537,5138,2025-06-22,Lighting,Floor Lamp,46.62,1,0,London,Online,Returning,Card,4.2,No,3
101814,5445,2025-08-11,kitchen,Kettle,30.95,1,5,South East,Online,Returning,Card,4.7,Yes,2
101097,5751,2025-04-07,Decor,Woven Basket,48.21,3,5,North West,Online,New,Card,3.9,No,4
100953,5553,2025-03-31,Lighting,Fairy Lights,53.99,3,5,Wales,Online,New,PayPal,3.9,No,4
100808,5099,2025-07-13,Kitchen,Knife Block,33.88,1,0,Midlands,Online,Returning,Gift Card,3.6,No,4
100259,5157,2025-08-04,Lighting,Desk Lamp,56.41,1,0,North East,Online,New,PayPal,3.6,No,2
100625,5543,2025-10-09,Storage,Storage Ottoman,63.92,1,0,South East,Online,New,Card,4.3,No,1
100827,5612,2025-02-21,Lighting,Floor Lamp,43.18,2,10,South East,Online,Returning,PayPal,5.0,No,2
100235,5443,2025-07-24,Decor,Woven Basket,40.41,2,15,Midlands,Online,Returning,Card,4.2,No,6
100136,5273,2025-09-03,Decor,Candle Set,34.4,2,10,North West,Online,Returning,Card,3.6,No,4
100617,5224,2025-11-03,Lighting,Pendant Light,53.34,1,5,Wales,Online,Returning,Klarna,4.7,No,3
101541,5427,2025-04-13,Kitchen,Chopping Board,73.19,1,0,South East,Online,VIP,Card,3.0,No,3
102192,5368,2026-01-07,Decor,Framed Print,59.11,2,5,North West,Online,New,PayPal,3.5,No,2
100837,5727,2026-01-01,Bedding,Cushion Cover,23.36,1,10,Midlands,Online,New,PayPal,4.1,No,0
100843,5818,2025-05-30,Decor,Ceramic Vase,81.6,2,15,Midlands,Online,Returning,PayPal,4.5,Yes,2
100960,5370,2026-02-02,Lighting,Floor Lamp,51.29,3,0,South East,In-Store,Returning,Gift Card,4.5,No,4
100593,5215,2025-11-25,Decor,Ceramic Vase,30.91,1,0,Scotland,In-Store,New,PayPal,5.0,Yes,2
101315,5812,2025-04-30,Storage,Laundry Basket,90.14,1,5,North East,Online,Returning,PayPal,4.9,No,1
101526,5042,2026-03-27,decor,Wall Mirror,29.39,3,25,South East,In-Store,Returning,Card,3.5,No,4
101563,5223,2025-09-19,Kitchen,Knife Block,39.01,1,0,North West,Online,Returning,Card,3.4,No,3
101292,5772,2025-10-17,Kitchen,Kettle,78.21,1,0,Wales,Online,Returning,PayPal,4.3,No,3
101753,5565,2025-11-28,Storage,Drawer Organiser,24.93,2,0,North East,Online,Returning,PayPal,3.7,Yes,2
101606,5801,2026-01-22,Kitchen,Ceramic Mug Set,17.38,1,0,Scotland,Online,New,Card,3.8,No,1
100344,5463,2025-06-23,Lighting,Desk Lamp,32.81,4,0,North West,Online,Returning,Klarna,3.7,Yes,5
102119,5491,2026-01-23,Storage,Shoe Rack,53.66,1,0,Wales,Online,New,Card,4.9,No,4
101867,5099,2026-01-24,Lighting,Pendant Light,63.24,2,0,,Online,New,Card,5.0,No,8
100294,5298,2025-10-05,Storage,Drawer Organiser,21.8,1,5,Scotland,Online,VIP,Card,5.0,No,6
100365,5104,2025-07-20,Bedding,Cushion Cover,35.72,1,15,North West,Online,Returning,Card,3.2,No,1
100179,5810,2026-03-26,Kitchen,Chopping Board,19.43,1,20,South West,Online,VIP,Card,4.8,No,2
100660,5259,2025-07-22,Furniture,Coffee Table,74.0,2,0,Wales,Online,New,Card,3.3,Yes,2
100997,5473,2025-04-13,Bedding,Mattress Topper,53.98,1,0,South West,Online,Returning,Card,3.3,No,2
100015,5645,2025-02-22,Storage,Wall Shelf Unit,18.99,1,0,London,Online,New,Klarna,3.1,No,5
101711,5308,2025-04-16,Bedding,Pillow Pair,43.41,2,5,North West,Online,Returning,Klarna,4.1,No,4
101111,5568,2025-08-22,Storage,Drawer Organiser,26.92,2,0,Midlands,Online,Returning,Card,5.0,No,3
101395,5194,2025-04-24,Kitchen,Kettle,26.37,2,15,Midlands,Online,Returning,PayPal,4.4,Yes,2
100166,5732,2025-02-09,Decor,Candle Set,36.43,2,0,North East,Online,VIP,Card,4.7,No,2
102137,5490,2025-12-11,Kitchen,Kettle,32.89,1,0,North East,Online,VIP,Klarna,3.9,No,4
101360,5328,2025-08-01,Bedding,Mattress Topper,39.88,3,5,London,Online,Returning,Klarna,,No,1
100060,5614,2026-03-28,furniture,Oak Bookshelf,26.76,4,10,Wales,Online,Returning,PayPal,5.0,No,3
100710,5419,2025-06-08,Bedding,Cushion Cover,21.74,1,10,North West,Online,Returning,Gift Card,4.1,Yes,2
100677,5522,2025-10-30,Lighting,Floor Lamp,31.91,2,0,Midlands,Online,New,Card,3.8,No,2
101379,5452,2026-02-06,Decor,Woven Basket,29.11,4,0,Midlands,Online,New,PayPal,4.3,No,2
100781,5790,2025-11-23,Bedding,Pillow Pair,22.79,1,0,North East,Online,Returning,Klarna,3.6,No,1
100425,5375,2026-02-24,Bedding,Linen Duvet Set,59.16,1,0,North East,Online,Returning,Gift Card,2.8,No,1
100293,5858,2026-02-27,Kitchen,Chopping Board,27.65,4,0,North East,Online,Returning,PayPal,4.2,No,2
101066,5349,2025-10-20,Lighting,Fairy Lights,32.92,4,25,Midlands,Online,New,Card,3.4,No,4
102080,5113,2026-01-20,Decor,Wall Mirror,53.29,2,0,North West,In-Store,Returning,Card,4.5,No,5
100330,5499,2025-09-20,Bedding,Linen Duvet Set,36.07,1,0,South East,Online,Returning,Card,4.7,No,3
101639,5164,2026-03-13,Decor,Wall Mirror,45.51,1,0,London,Online,Returning,PayPal,4.0,No,6
100430,5643,2025-01-18,Lighting,Floor Lamp,30.84,1,0,Midlands,In-Store,Returning,PayPal,2.5,No,6
101013,5221,2025-06-05,Decor,Framed Print,39.17,1,5,North West,Online,Returning,Card,4.9,No,6
100080,5602,2025-11-02,Bedding,Wool Throw,37.23,1,20,Midlands,Online,New,Card,2.5,No,4
101718,5341,2026-01-22,Bedding,Pillow Pair,47.42,2,5,Wales,Online,New,Card,5.0,No,3
101053,5451,2025-03-13,Lighting,Desk Lamp,44.46,1,0,North East,Online,Returning,Klarna,5.0,No,5
100938,5133,2025-08-06,Kitchen,Knife Block,27.28,1,5,Midlands,Online,Returning,Card,2.7,No,1
101732,5813,2025-02-04,Bedding,Linen Duvet Set,48.78,2,15,Wales,In-Store,Returning,Klarna,4.9,No,6
100835,5768,2025-02-15,Storage,Laundry Basket,24.2,3,5,Scotland,Online,Returning,Card,4.1,No,5
100750,5141,2025-08-25,Storage,Shoe Rack,31.9,2,0,South West,Online,Returning,PayPal,4.0,No,3
100891,5089,2025-06-06,Storage,Shoe Rack,51.76,4,0,North West,Online,VIP,Card,3.1,Yes,7
100255,5594,2026-01-13,Bedding,Cushion Cover,33.08,2,0,Scotland,In-Store,New,Card,5.0,Yes,3
101185,5378,2025-12-30,Kitchen,Cast Iron Pan,26.86,1,0,South East,Online,New,PayPal,5.0,No,1
101483,5260,2025-04-09,Furniture,Oak Bookshelf,45.27,2,0,South East,In-Store,Returning,Card,4.5,No,4
102191,5326,2025-03-24,Kitchen,Cast Iron Pan,44.83,2,25,Scotland,In-Store,New,Card,3.2,No,2
101408,5786,2025-11-12,Lighting,Fairy Lights,45.17,2,0,London,Online,Returning,Card,3.5,No,4
101338,5266,2025-03-02,Bedding,Wool Throw,43.24,4,15,Wales,Online,Returning,PayPal,5.0,No,3
101109,5846,2025-01-11,Bedding,Mattress Topper,18.79,1,5,Midlands,Online,New,Gift Card,5.0,No,3
101599,5760,2025-01-05,Furniture,Accent Chair,38.82,4,20,Wales,Online,New,Card,4.0,No,1
102140,5360,2025-08-17,Decor,Wall Mirror,32.27,1,5,South East,In-Store,VIP,Gift Card,3.7,No,4
100137,5542,2025-07-26,Storage,Drawer Organiser,54.42,4,0,North West,Online,New,Klarna,4.9,No,6
101136,5052,2025-04-14,Lighting,Floor Lamp,53.78,2,5,Scotland,Online,Returning,Gift Card,4.3,No,1
101219,5728,2025-02-14,Kitchen,Kettle,22.5,1,0,South East,Online,Returning,Card,4.2,No,3
100853,5866,2025-12-08,Bedding,Cushion Cover,60.49,4,0,South West,In-Store,New,Klarna,4.5,No,4
101203,5886,2025-03-13,Bedding,Pillow Pair,32.53,1,25,Midlands,Online,VIP,Card,4.0,No,2
101580,5540,2025-07-23,Storage,Wall Shelf Unit,32.56,1,5,London,Online,VIP,Card,4.1,No,8
100724,5107,2025-09-03,Bedding,Pillow Pair,32.54,2,0,North East,In-Store,New,Card,5.0,No,1
100860,5720,2025-05-05,Lighting,Desk Lamp,39.52,1,25,South West,Online,New,Gift Card,4.4,No,1
100970,5032,2025-10-03,Bedding,Cushion Cover,34.0,1,10,North East,In-Store,Returning,Klarna,5.0,No,2
100497,5107,2025-02-28,Decor,Candle Set,47.36,1,0,London,In-Store,New,Card,3.5,No,3
100951,5084,2025-11-21,Kitchen,Cast Iron Pan,52.79,2,0,,Online,Returning,Card,5.0,No,5
100806,5703,2025-06-18,Decor,Wall Mirror,87.9,1,20,North East,Online,New,Card,5.0,No,3
101830,5884,2025-07-08,Storage,Storage Ottoman,31.32,3,0,North West,In-Store,New,PayPal,4.8,No,3
100130,5571,2025-03-08,Furniture,Oak Bookshelf,60.82,3,0,London,In-Store,New,Card,3.5,No,2
101740,5183,2025-08-20,Kitchen,Knife Block,34.37,1,0,South West,Online,VIP,Card,4.7,No,2
100338,5285,2025-08-15,Furniture,Coffee Table,29.92,1,0,South East,Online,New,Klarna,3.5,No,5
100731,5655,2025-03-21,Bedding,Mattress Topper,37.09,4,5,London,Online,New,Klarna,3.5,No,6
100609,5870,2025-12-27,Kitchen,Cast Iron Pan,57.8,1,0,London,Online,Returning,Klarna,3.9,No,4
101149,5620,2025-02-25,Decor,Woven Basket,28.17,4,0,South West,Online,New,Card,4.3,No,4
100196,5078,2025-10-26,Storage,Wall Shelf Unit,102.44,1,0,Scotland,Online,New,Card,5.0,No,5
101251,5217,2025-08-04,decor,Framed Print,39.99,1,10,North West,In-Store,Returning,Card,4.0,No,3
101714,5660,2025-09-08,Furniture,Bar Stool,48.88,2,20,Midlands,Online,New,Card,3.8,No,6
101293,5399,2025-06-19,Storage,Wall Shelf Unit,46.78,3,0,Scotland,In-Store,Returning,Gift Card,4.5,No,1
102200,5150,2025-10-29,Decor,Framed Print,11.28,1,0,Wales,Online,VIP,Klarna,4.8,Yes,3
100910,5082,2025-04-18,Storage,Shoe Rack,52.52,1,25,North East,Online,Returning,Card,4.1,No,4
100585,5363,2026-02-19,Kitchen,Knife Block,24.65,1,0,London,In-Store,VIP,PayPal,4.7,No,3
100104,5006,2026-02-04,Furniture,Console Table,48.49,2,0,Scotland,Online,New,Klarna,3.5,Yes,2
101618,5456,2026-01-01,Lighting,Table Lamp,41.39,2,0,Wales,Online,Returning,Card,3.6,No,10
102118,5487,2025-07-08,Decor,Wall Mirror,19.45,4,0,South East,Online,Returning,PayPal,4.3,No,3
100988,5284,2025-07-03,Storage,Storage Ottoman,53.88,1,15,North East,Online,VIP,PayPal,4.0,No,4
101811,5220,2025-06-10,Lighting,Floor Lamp,49.6,4,0,North East,Online,New,Card,3.4,No,2
100720,5539,2025-06-22,Decor,Woven Basket,56.3,3,25,London,In-Store,VIP,Klarna,3.9,No,5
100885,5731,2025-06-04,Decor,Candle Set,105.83,1,0,South West,In-Store,Returning,PayPal,4.4,No,3
100777,5381,2025-08-13,Bedding,Wool Throw,35.59,3,0,North East,Online,Returning,Gift Card,3.8,No,1
101570,5886,2025-06-01,Bedding,Linen Duvet Set,41.61,3,5,London,In-Store,Returning,Card,3.9,No,3
100850,5545,2025-11-19,Lighting,Pendant Light,49.15,1,0,South East,In-Store,Returning,Card,4.6,No,6
100895,5674,2026-02-19,furniture,Oak Bookshelf,57.93,2,20,South West,In-Store,Returning,Card,5.0,No,5
100228,5521,2025-06-25,Decor,Wall Mirror,17.97,4,0,South East,Online,VIP,Card,4.5,No,1
100435,5390,2025-02-07,Bedding,Pillow Pair,26.16,2,10,Scotland,Online,Returning,PayPal,4.1,No,2
101326,5168,2025-04-07,Furniture,Accent Chair,65.03,2,0,North East,Online,New,Card,4.8,No,6
101879,5654,2025-04-23,Kitchen,Cast Iron Pan,23.07,1,15,South East,Online,Returning,Gift Card,3.8,No,1
101300,5026,2025-07-24,Storage,Drawer Organiser,52.99,4,0,North East,In-Store,New,Card,5.0,No,1
100127,5071,2025-06-05,Kitchen,Cast Iron Pan,-53.79,4,0,Midlands,Online,New,Gift Card,4.0,No,1
100406,5450,2025-12-10,Kitchen,Kettle,17.58,1,0,Midlands,Online,Returning,Card,3.3,No,2
100776,5856,2025-08-02,Decor,Candle Set,37.08,2,0,North East,Online,New,Klarna,2.8,No,3
100822,5599,2025-03-01,Decor,Ceramic Vase,21.74,1,10,North West,Online,Returning,Card,3.8,No,1
100712,5470,2025-02-11,Kitchen,Knife Block,47.52,3,5,London,Online,VIP,Card,4.5,No,4
101790,5678,2025-08-05,Storage,Laundry Basket,24.62,1,15,South West,Online,Returning,Card,5.0,No,4
101708,5821,2026-03-18,Storage,Drawer Organiser,21.34,1,5,Wales,Online,New,Card,5.0,No,5
101774,5354,2025-04-28,Kitchen  ,Chopping Board,44.38,1,5,London,In-Store,Returning,PayPal,5.0,Yes,4
100457,5133,2025-01-27,Furniture,Coffee Table,52.93,2,0,North West,Online,Returning,Card,5.0,No,4
101061,5693,2025-07-18,Kitchen,Knife Block,49.69,1,5,North West,Online,New,Card,5.0,Yes,0
101164,5478,2026-01-09,Bedding,Wool Throw,55.51,2,0,Midlands,Online,VIP,Card,3.1,No,9
100304,5806,2025-02-18,Decor,Candle Set,32.35,4,5,Midlands,In-Store,VIP,Card,3.4,No,3
100268,5312,2025-11-06,bedding,Pillow Pair,80.35,4,0,London,Online,VIP,Klarna,4.7,No,3
101859,5471,2025-04-04,Furniture,Oak Bookshelf,25.73,2,0,North East,Online,Returning,Gift Card,5.0,No,1
101558,5695,2025-09-07,Lighting,Pendant Light,44.63,1,10,London,Online,New,Card,3.1,No,5
100546,5048,2025-07-04,Decor,Wall Mirror,34.94,2,25,London,Online,New,PayPal,3.6,No,1
100213,5710,2026-02-28,Furniture,Bar Stool,26.67,2,0,North West,Online,Returning,Gift Card,4.2,No,3
100897,5458,2025-03-21,Kitchen,Knife Block,23.79,1,20,South East,In-Store,Returning,PayPal,2.3,No,6
101493,5026,2025-03-30,Kitchen,Ceramic Mug Set,46.19,2,0,North West,In-Store,New,Klarna,4.1,No,2
101223,5865,2025-10-01,bedding,Mattress Topper,27.38,2,15,North West,In-Store,Returning,Card,3.3,Yes,2
101892,5220,2025-01-20,Decor,Wall Mirror,60.56,4,5,North West,Online,New,Card,4.4,No,1
101697,5421,2025-08-31,Lighting,Pendant Light,40.96,1,5,Wales,Online,Returning,Card,3.0,No,0
100917,5488,2025-10-13,Kitchen,Chopping Board,57.54,1,20,South East,Online,Returning,Card,3.3,No,2
101552,5768,2025-12-30,Bedding,Linen Duvet Set,54.92,3,15,South West,Online,New,Klarna,5.0,No,9
100676,5653,2025-08-23,Kitchen,Ceramic Mug Set,74.63,3,0,Scotland,Online,Returning,Card,3.3,No,4
101290,5559,2025-11-20,furniture,Accent Chair,41.73,2,0,South West,In-Store,New,Card,3.6,No,5
100815,5700,2025-08-11,Lighting,Fairy Lights,35.94,4,0,Midlands,Online,VIP,Card,3.9,No,2
101266,5033,2025-12-08,Decor,Wall Mirror,90.08,1,25,London,In-Store,Returning,Gift Card,5.0,No,3
100343,5559,2026-03-12,Lighting,Table Lamp,37.13,3,0,North East,In-Store,Returning,Klarna,4.9,No,3
100550,5612,2026-03-20,Kitchen,Chopping Board,54.0,3,5,London,Online,New,Klarna,4.1,No,4
101411,5054,2025-09-12,Bedding,Wool Throw,81.52,1,0,Midlands,In-Store,VIP,PayPal,4.6,No,3
101215,5066,2025-09-29,Lighting,Fairy Lights,24.37,1,5,North West,Online,New,Klarna,4.8,No,4
100967,5541,2025-12-07,Kitchen,Cast Iron Pan,42.24,2,0,South East,In-Store,New,Klarna,4.7,No,2
101231,5739,2025-04-24,Bedding,Linen Duvet Set,34.1,4,0,Scotland,Online,Returning,Klarna,3.8,No,6
100296,5468,2025-04-04,Bedding,Wool Throw,76.82,3,0,North West,In-Store,Returning,Card,3.7,Yes,4
100696,5228,2025-09-02,Kitchen,Chopping Board,58.69,4,0,South West,Online,Returning,Gift Card,5.0,No,4
101453,5046,2025-07-06,Lighting,Fairy Lights,35.45,1,15,Scotland,Online,New,Card,4.2,Yes,2
100074,5116,2025-07-29,Decor,Woven Basket,42.31,2,15,Midlands,Online,Returning,PayPal,4.1,No,4
100606,5482,2026-03-17,Lighting,Floor Lamp,17.52,3,10,Midlands,In-Store,VIP,Card,3.3,No,2
100105,5717,2026-02-21,Furniture,Bar Stool,28.46,2,0,South West,Online,Returning,Gift Card,5.0,No,5
100646,5295,2025-07-27,Bedding,Wool Throw,87.83,1,5,North West,In-Store,New,Card,4.8,No,3
101405,5159,2026-02-25,Storage,Laundry Basket,50.09,2,0,South East,Online,VIP,Card,4.0,No,2
100495,5260,2026-03-02,Storage,Shoe Rack,56.95,1,0,Scotland,In-Store,Returning,Card,3.9,No,3
101041,5635,2025-04-06,Storage,Drawer Organiser,67.5,2,15,Scotland,Online,VIP,Klarna,3.6,No,3
100440,5357,2026-01-23,Kitchen,Knife Block,83.16,2,10,South East,Online,Returning,Klarna,3.8,No,3
101020,5104,2025-07-16,Lighting,Floor Lamp,36.51,2,0,South East,In-Store,Returning,Card,4.3,No,3
100092,5724,2025-05-27,Decor,Ceramic Vase,51.63,2,0,North West,Online,Returning,PayPal,4.0,No,2
101113,5173,2026-02-28,Bedding,Pillow Pair,64.95,2,0,Scotland,In-Store,Returning,PayPal,4.7,No,0
100823,5122,2025-06-26,Furniture,Accent Chair,34.56,1,10,North West,Online,New,Klarna,4.8,No,1
100909,5334,2026-02-14,Kitchen,Kettle,45.54,1,0,Scotland,In-Store,New,PayPal,3.1,No,3
101475,5879,2025-10-22,Decor,Framed Print,59.69,2,25,Midlands,Online,VIP,Card,2.7,No,2
101742,5669,2025-05-23,Kitchen,Kettle,26.17,2,0,North West,Online,Returning,Card,4.1,No,6
100103,5724,2025-09-17,Furniture,Coffee Table,64.43,2,0,Wales,In-Store,New,PayPal,3.6,No,1
100239,5277,2026-01-20,Furniture,Console Table,60.51,2,0,Wales,In-Store,New,PayPal,4.6,No,6
102021,5272,2025-02-20,Kitchen,Kettle,18.63,3,0,Midlands,Online,Returning,PayPal,4.4,No,4
100943,5822,2025-07-25,Storage,Wall Shelf Unit,33.48,2,0,Midlands,Online,Returning,PayPal,3.3,No,4
101271,5332,2025-04-12,Furniture,Accent Chair,13.75,2,25,Midlands,Online,VIP,Card,,No,1
100939,5415,2025-08-02,decor,Woven Basket,14.86,2,10,London,Online,New,Card,4.4,No,7
102009,5708,2025-04-13,Furniture,Oak Bookshelf,51.21,1,0,Scotland,In-Store,New,Gift Card,3.3,No,2
101182,5834,2025-12-25,Storage  ,Shoe Rack,25.62,2,0,South East,Online,New,Card,2.9,No,1
101504,5290,2026-02-17,Decor,Wall Mirror,26.87,2,0,Midlands,Online,Returning,Gift Card,3.1,No,3
101863,5763,2025-10-15,Kitchen,Cast Iron Pan,34.66,2,0,South East,Online,Returning,Klarna,5.0,No,7
101670,5653,2025-11-20,Furniture,Bar Stool,66.36,2,5,Wales,Online,Returning,Card,1.7,No,7
100006,5772,2025-12-29,Bedding,Linen Duvet Set,47.98,1,0,London,Online,Returning,Card,4.1,No,3
100248,5374,2025-10-22,Furniture,Console Table,33.58,2,0,London,In-Store,Returning,Card,3.9,No,3
101896,5766,2025-09-06,Lighting,Fairy Lights,45.46,4,0,,Online,New,Card,4.8,No,2
100966,5529,2025-07-02,decor,Candle Set,36.95,2,0,London,Online,Returning,PayPal,3.5,No,3
100019,5755,2025-05-11,storage,Laundry Basket,20.53,2,0,North West,Online,New,Gift Card,3.2,No,3
101431,5423,2025-07-31,Kitchen,Ceramic Mug Set,51.96,2,5,London,Online,Returning,Klarna,5.0,No,1
100122,5601,2025-01-16,Kitchen,Knife Block,30.57,3,0,Scotland,Online,New,Card,3.8,No,5
101971,5745,2025-06-19,Storage,Shoe Rack,41.73,4,0,South West,Online,Returning,Card,2.5,No,3
100662,5661,2026-02-28,Bedding,Wool Throw,24.0,1,5,North West,In-Store,Returning,Klarna,4.8,No,4
101996,5002,2025-08-14,Bedding,Wool Throw,34.03,3,15,London,Online,New,Card,4.3,No,2
100275,5376,2025-02-17,Lighting,Pendant Light,49.42,3,5,Scotland,Online,New,Klarna,5.0,Yes,3
100434,5117,2025-09-14,Bedding,Linen Duvet Set,38.14,1,10,Midlands,Online,New,Card,4.1,No,2
100812,5791,2025-08-19,Storage,Laundry Basket,32.71,3,5,North West,Online,Returning,PayPal,3.1,No,3
101301,5683,2025-01-28,Furniture,Console Table,76.75,2,0,North West,In-Store,New,Card,3.7,No,1
101336,5898,2025-02-03,Decor,Framed Print,22.43,2,0,North East,In-Store,Returning,Card,4.4,No,1
102131,5646,2025-03-26,Kitchen,Cast Iron Pan,59.88,2,0,Midlands,Online,New,PayPal,5.0,Yes,5
100261,5714,2025-06-04,Storage,Laundry Basket,59.0,1,0,London,Online,Returning,Card,5.0,No,3
101805,5115,2025-12-31,Bedding,Mattress Topper,47.59,1,10,South East,Online,VIP,Klarna,4.7,No,7
101571,5071,2025-07-12,Storage,Shoe Rack,29.64,1,0,London,Online,New,Card,4.8,No,4
100182,5137,2025-07-24,Lighting,Pendant Light,70.71,2,0,South West,Online,VIP,Card,4.1,No,5
100185,5446,2025-03-25,Kitchen,Cast Iron Pan,18.83,2,0,South East,Online,Returning,Card,2.7,No,4
100407,5390,2025-08-31,Bedding,Wool Throw,61.64,2,0,South East,Online,Returning,PayPal,4.6,No,1
101744,5020,2026-03-18,Bedding,Cushion Cover,63.89,1,0,Midlands,Online,Returning,Card,4.0,No,3
100866,5628,2025-09-08,Furniture,Bar Stool,40.23,1,0,London,Online,New,Card,4.6,No,4
101631,5515,2026-02-13,furniture,Coffee Table,37.87,2,0,North East,In-Store,Returning,Klarna,4.1,No,2
101717,5581,2025-01-31,Bedding,Cushion Cover,74.73,1,5,Midlands,In-Store,New,Card,4.3,No,2
100521,5322,2025-10-13,Bedding,Wool Throw,31.04,1,15,Scotland,Online,New,Card,3.1,No,5
101890,5404,2026-03-23,Kitchen,Cast Iron Pan,39.25,1,5,South West,Online,Returning,Klarna,4.9,No,4
101004,5797,2025-03-05,Bedding,Wool Throw,28.09,4,0,South West,Online,VIP,Card,4.7,No,4
100381,5004,2025-06-24,Kitchen,Kettle,58.88,1,0,Scotland,In-Store,VIP,Klarna,4.5,No,4
101435,5287,2026-03-14,Bedding,Cushion Cover,38.26,4,5,Midlands,Online,Returning,Card,4.1,No,2
101659,5755,2025-05-29,Decor,Wall Mirror,53.46,2,0,Midlands,In-Store,Returning,Card,4.2,No,1
101394,5668,2025-09-16,Kitchen,Chopping Board,63.75,4,0,South West,Online,New,Card,3.0,No,5
101425,5230,2026-01-14,Bedding,Mattress Topper,23.4,2,0,London,Online,Returning,Klarna,5.0,Yes,5
101613,5603,2025-11-04,Bedding,Cushion Cover,52.45,1,0,Wales,In-Store,Returning,PayPal,3.3,No,4
100428,5723,2025-01-03,Lighting,Pendant Light,41.41,1,0,Scotland,Online,New,Card,2.5,No,3
101901,5481,2025-02-11,Lighting,Pendant Light,68.38,1,10,South West,Online,New,PayPal,4.6,No,3
100079,5508,2025-06-17,Storage,Storage Ottoman,49.48,4,10,Midlands,Online,New,PayPal,4.3,No,5
101887,5585,2025-05-03,Bedding,Mattress Topper,28.87,2,0,South West,In-Store,Returning,PayPal,5.0,No,2
101598,5652,2025-01-30,Decor,Candle Set,35.29,2,0,Wales,In-Store,New,Klarna,4.3,No,2
101010,5468,2025-04-18,Kitchen,Chopping Board,38.29,2,5,North East,Online,New,PayPal,3.9,No,2
102198,5774,2025-04-28,Decor,Wall Mirror,80.91,2,0,London,Online,VIP,Klarna,4.2,Yes,3
101662,5549,2025-10-21,Kitchen,Kettle,71.4,1,10,South West,In-Store,New,PayPal,3.1,Yes,2
100608,5462,2025-05-22,Decor,Framed Print,38.62,1,10,Scotland,Online,New,Gift Card,3.8,No,3
100231,5416,2025-03-02,decor,Framed Print,25.34,1,0,London,In-Store,New,Klarna,5.0,No,4
101315,5812,2025-04-30,Storage,Laundry Basket,90.14,1,5,North East,Online,Returning,PayPal,4.9,No,1
101884,5761,2025-12-25,Lighting,Table Lamp,48.57,1,0,London,In-Store,Returning,PayPal,5.0,No,0
100332,5333,2026-01-02,Bedding,Mattress Topper,28.95,3,5,London,In-Store,VIP,Klarna,4.1,No,4
101058,5694,2025-03-30,Lighting,Fairy Lights,60.49,1,15,Midlands,Online,Returning,Klarna,3.7,No,3
101441,5701,2025-11-25,Lighting,Fairy Lights,45.02,1,0,South West,Online,Returning,Card,5.0,No,2
101515,5222,2025-11-27,Storage,Wall Shelf Unit,29.81,1,0,London,Online,Returning,Gift Card,3.8,No,3
101586,5285,2025-09-10,Storage,Shoe Rack,46.24,3,0,North West,In-Store,Returning,Card,3.9,No,5
101928,5113,2025-02-11,Furniture,Console Table,91.82,2,0,London,Online,New,Card,4.6,No,1
101092,5403,2025-07-31,Decor,Woven Basket,49.8,4,0,South East,In-Store,Returning,Card,5.0,No,3
101561,5262,2025-03-21,Storage,Wall Shelf Unit,44.46,3,0,Scotland,Online,Returning,Card,4.2,No,1
101102,5422,2025-05-02,Lighting,Floor Lamp,51.51,1,0,South West,Online,VIP,Klarna,3.2,No,6
101130,5584,2026-02-22,Lighting,Floor Lamp,41.08,3,10,South East,Online,New,PayPal,5.0,No,0
101236,5311,2025-10-03,Bedding,Pillow Pair,37.25,1,0,North West,Online,Returning,Card,2.5,No,3
100462,5126,2025-12-19,Furniture,Accent Chair,42.82,3,0,Midlands,Online,New,Card,2.8,No,1
100959,5874,2025-10-31,Storage,Drawer Organiser,41.74,2,0,Scotland,In-Store,New,Card,3.7,No,4
101663,5166,2025-04-23,Bedding,Linen Duvet Set,97.97,1,0,London,In-Store,Returning,Gift Card,5.0,No,1
100560,5766,2025-07-15,Bedding,Cushion Cover,39.84,1,0,South West,Online,New,Card,2.7,No,3
100847,5140,2025-11-28,Furniture  ,Accent Chair,41.46,2,0,Wales,Online,New,Card,4.3,No,2
101713,5791,2025-03-29,Storage,Drawer Organiser,12.87,1,20,South East,Online,Returning,Card,3.8,No,5
100691,5896,2025-03-09,Kitchen,Cast Iron Pan,54.51,1,5,South East,Online,VIP,Card,4.6,No,3
102067,5652,2025-06-09,Furniture,Accent Chair,54.45,4,0,Midlands,Online,Returning,Card,4.0,No,4
101520,5414,2025-04-30,Furniture,Accent Chair,65.28,1,5,Scotland,Online,New,Card,3.8,Yes,1
102180,5410,2026-02-27,Kitchen,Chopping Board,28.77,2,0,North West,Online,Returning,Card,1.4,No,2
102130,5288,2026-02-05,Storage,Shoe Rack,49.82,4,0,North East,Online,Returning,Card,4.1,No,3
101760,5522,2025-04-08,Furniture,Bar Stool,22.78,1,0,South East,Online,Returning,PayPal,4.3,No,6
102033,5081,2025-10-03,Decor,Framed Print,40.85,2,5,South West,Online,Returning,Klarna,4.6,No,2
100437,5510,2025-06-02,furniture,Coffee Table,33.33,4,0,Midlands,Online,Returning,PayPal,3.5,No,3
100491,5839,2025-11-28,Storage,Wall Shelf Unit,53.33,2,15,Wales,In-Store,VIP,Card,2.5,No,2
102005,5718,2025-05-15,Decor,Candle Set,44.22,2,10,London,Online,New,Card,4.0,No,0
102087,5659,2025-11-21,Storage,Shoe Rack,53.38,2,0,South East,In-Store,VIP,Card,5.0,No,2
100070,5422,2026-03-21,Storage,Wall Shelf Unit,44.04,4,20,North West,Online,Returning,Klarna,4.0,No,3
101573,5660,2025-08-29,Decor,Framed Print,36.22,3,0,South East,Online,VIP,Card,3.4,No,1
100809,5351,2025-10-14,Kitchen,Knife Block,25.58,2,0,South East,Online,Returning,Gift Card,3.3,No,4
100012,5878,2025-12-19,Furniture,Coffee Table,46.2,2,0,South West,In-Store,New,Card,5.0,Yes,0
102026,5425,2025-03-22,Storage,Storage Ottoman,26.57,3,5,Midlands,Online,Returning,Klarna,5.0,No,4
100918,5705,2025-10-20,Bedding,Linen Duvet Set,55.44,3,0,Wales,In-Store,New,Card,4.0,No,3
101452,5036,2025-02-02,Kitchen,Ceramic Mug Set,69.83,2,10,Scotland,Online,New,Card,3.2,No,4
100177,5645,2026-01-24,Storage,Laundry Basket,41.29,2,0,South West,In-Store,VIP,Card,3.3,No,4
100995,5476,2025-12-03,Bedding,Cushion Cover,26.19,2,0,South East,Online,Returning,PayPal,5.0,No,7
101256,5076,2026-01-29,Decor,Framed Print,55.89,2,0,South East,Online,Returning,PayPal,4.2,No,2
101665,5472,2025-10-15,Storage,Storage Ottoman,34.98,2,0,Scotland,In-Store,New,Klarna,4.9,No,2
100980,5509,2025-03-19,Bedding,Cushion Cover,71.16,2,0,North West,Online,Returning,PayPal,5.0,Yes,2
101791,5525,2025-12-10,Storage,Drawer Organiser,39.77,3,20,Wales,Online,Returning,PayPal,4.4,Yes,4
100157,5113,2025-07-07,Furniture,Bar Stool,34.88,2,0,South West,Online,New,Klarna,4.8,No,1
101461,5711,2025-09-11,Kitchen,Ceramic Mug Set,55.13,2,20,Midlands,In-Store,New,Card,2.3,No,1
102047,5407,2025-05-05,Storage,Shoe Rack,53.97,4,5,Midlands,Online,New,Card,2.8,No,4
101851,5073,2025-05-28,Storage,Wall Shelf Unit,58.88,1,0,Wales,Online,Returning,Klarna,5.0,Yes,4
102006,5116,2026-01-03,Decor,Framed Print,48.33,1,0,North East,Online,New,Card,5.0,No,5
101186,5276,2025-04-23,Decor,Candle Set,34.03,2,5,Wales,Online,New,Card,4.3,No,5
101007,5765,2026-03-31,Kitchen,Kettle,36.77,1,0,Scotland,Online,Returning,Card,5.0,No,5
100561,5482,2025-03-02,Bedding,Mattress Topper,29.46,2,0,London,In-Store,VIP,Gift Card,4.0,Yes,10
100911,5693,2025-09-03,Lighting,Table Lamp,54.81,4,0,South West,Online,New,Card,4.0,Yes,4
101312,5313,2025-09-21,Decor,Framed Print,31.1,1,10,London,Online,New,PayPal,3.2,No,4
102050,5593,2025-06-22,Decor,Woven Basket,45.73,1,10,South East,In-Store,New,PayPal,4.0,No,5
100270,5531,2025-04-08,Lighting,Pendant Light,54.95,1,0,North East,Online,New,Gift Card,4.6,No,1
101994,5575,2025-01-18,Decor,Framed Print,48.69,2,0,Wales,Online,New,Card,3.6,No,2
100266,5522,2025-03-30,Decor,Candle Set,41.89,1,0,Wales,Online,Returning,Card,4.9,No,3
100915,5532,2025-06-16,Furniture,Bar Stool,67.71,2,10,South East,Online,Returning,Card,3.9,No,0
102197,5261,2025-05-15,Kitchen,Cast Iron Pan,79.8,4,10,South West,In-Store,Returning,Card,4.4,No,3
100874,5112,2025-12-22,Decor,Wall Mirror,44.31,1,0,South East,Online,New,Card,3.0,Yes,4
100476,5706,2025-09-28,Bedding,Mattress Topper,27.55,3,0,North West,Online,New,Card,3.9,No,1
101653,5046,2025-02-17,Lighting,Desk Lamp,39.4,4,15,Wales,Online,Returning,Card,,No,5
101961,5755,2025-07-03,Bedding,Wool Throw,43.83,1,0,North East,Online,Returning,PayPal,3.4,No,3
100046,5873,2026-01-14,Kitchen,Chopping Board,51.58,2,0,Midlands,Online,Returning,Card,4.1,Yes,7
100162,5597,2025-12-08,Kitchen,Knife Block,36.58,1,0,Wales,Online,Returning,Klarna,4.8,Yes,5
100289,5488,2025-08-27,Kitchen,Ceramic Mug Set,57.77,2,0,Midlands,In-Store,Returning,PayPal,4.1,No,4
101949,5001,2026-01-28,Furniture,Oak Bookshelf,30.07,3,0,Midlands,Online,Returning,Card,3.8,No,2
100576,5336,2025-05-18,Lighting,Pendant Light,48.67,3,5,Midlands,In-Store,New,PayPal,5.0,No,3
100851,5882,2026-01-16,Storage,Storage Ottoman,15.99,1,0,North East,In-Store,Returning,Card,5.0,No,5
100912,5165,2025-12-14,Lighting,Desk Lamp,32.08,1,0,South East,Online,Returning,PayPal,3.5,No,2
101255,5584,2026-01-08,Storage,Wall Shelf Unit,50.76,2,20,London,Online,New,Card,3.0,No,4
101834,5064,2025-05-08,Bedding,Linen Duvet Set,50.9,2,0,Scotland,In-Store,VIP,Gift Card,3.4,No,2
101723,5587,2025-08-07,Lighting,Floor Lamp,35.31,1,20,Scotland,Online,New,Card,3.8,No,4
101736,5718,2026-01-22,Lighting,Desk Lamp,54.27,3,0,South East,Online,New,Gift Card,4.8,No,4
100933,5231,2025-12-12,Kitchen,Knife Block,62.91,4,20,South West,Online,VIP,PayPal,3.8,No,3
101101,5431,2025-10-17,Storage,Wall Shelf Unit,45.8,2,0,,Online,Returning,PayPal,3.7,Yes,1
101208,5648,2025-10-18,Lighting,Table Lamp,37.84,2,0,Midlands,Online,Returning,Gift Card,3.5,No,3
101844,5761,2025-02-19,Storage,Laundry Basket,58.01,4,0,Midlands,Online,VIP,Card,5.0,No,6
101849,5468,2025-06-02,Lighting,Floor Lamp,88.39,3,5,Scotland,In-Store,New,PayPal,5.0,No,3
101695,5144,2025-10-04,Storage,Wall Shelf Unit,47.75,1,10,North West,Online,New,PayPal,5.0,No,3
100086,5630,2026-01-14,Kitchen,Kettle,43.34,4,0,North West,Online,New,Card,3.5,No,7
100470,5839,2026-03-15,Furniture,Bar Stool,19.0,1,0,South East,Online,Returning,Card,2.3,No,2
100234,5682,2025-05-24,Lighting,Pendant Light,59.68,1,0,Scotland,Online,New,Card,2.2,No,6
102177,5094,2025-05-25,Decor,Candle Set,57.68,2,0,Scotland,Online,Returning,Gift Card,3.9,No,1
101712,5422,2026-03-18,Furniture,Console Table,49.15,2,0,Scotland,Online,Returning,PayPal,4.0,No,1
100183,5447,2026-02-22,Kitchen,Kettle,35.54,2,0,Midlands,Online,Returning,Card,3.4,No,3
100989,5221,2025-01-28,Kitchen,Chopping Board,41.91,1,0,North East,In-Store,Returning,Card,3.6,No,4
101001,5727,2026-02-24,Decor,Candle Set,49.64,3,0,Midlands,Online,VIP,Klarna,3.2,Yes,0
101642,5045,2025-08-13,bedding,Linen Duvet Set,50.37,1,25,London,In-Store,Returning,Card,3.6,No,1
101357,5309,2025-11-17,Furniture,Oak Bookshelf,104.85,4,0,Midlands,Online,VIP,Card,3.4,No,5
101463,5042,2026-03-17,Storage,Drawer Organiser,31.01,2,0,Wales,In-Store,New,Klarna,5.0,No,4
100050,5700,2025-07-12,Lighting,Pendant Light,47.83,1,0,Scotland,Online,Returning,Card,3.0,No,1
101259,5486,2026-01-18,Kitchen,Knife Block,21.54,2,0,South West,In-Store,New,Klarna,4.4,No,4
100487,5300,2025-04-22,Lighting  ,Pendant Light,36.97,1,0,North West,Online,Returning,Card,3.5,Yes,5
102187,5274,2025-04-29,Lighting,Desk Lamp,21.41,2,0,London,In-Store,Returning,Gift Card,4.6,No,4
101909,5032,2025-08-22,Storage,Laundry Basket,66.07,2,10,Midlands,Online,Returning,Card,4.1,No,1
100107,5702,2025-05-29,Bedding,Cushion Cover,74.25,1,10,Midlands,Online,New,PayPal,5.0,No,3
100444,5439,2025-07-31,Storage,Drawer Organiser,24.77,2,0,Scotland,Online,New,Card,2.9,No,1
101955,5873,2025-04-14,Bedding,Mattress Topper,49.03,1,25,Wales,In-Store,New,PayPal,3.5,No,2
100647,5414,2026-01-28,Lighting,Desk Lamp,12.88,1,0,London,Online,New,Card,4.4,No,5
101763,5009,2025-10-26,Decor,Framed Print,76.21,1,0,Midlands,Online,New,Card,5.0,No,3
100727,5649,2025-10-08,Decor,Woven Basket,100.18,1,10,Midlands,Online,New,Card,4.3,No,7
101857,5337,2026-01-21,Lighting,Fairy Lights,50.23,1,0,Midlands,Online,New,Card,3.6,No,4
100030,5399,2026-03-23,Bedding,Wool Throw,61.56,1,0,North East,In-Store,Returning,Card,4.4,Yes,3
100170,5020,2025-03-21,Bedding,Cushion Cover,43.96,3,0,Scotland,In-Store,New,Card,3.1,No,1
101002,5663,2026-02-20,Storage,Wall Shelf Unit,53.47,4,0,North East,In-Store,New,Card,4.0,No,0
100198,5106,2025-05-12,Kitchen,Kettle,35.37,1,0,Scotland,In-Store,Returning,Card,3.4,No,2
100496,5371,2025-06-18,Kitchen,Cast Iron Pan,64.97,1,0,Wales,Online,Returning,Card,4.5,No,1
102027,5552,2025-07-24,Bedding,Pillow Pair,37.52,2,0,North East,In-Store,New,Card,4.2,No,6
100648,5481,2025-06-25,Kitchen,Chopping Board,30.1,2,0,Wales,In-Store,Returning,Card,4.4,No,3
100045,5061,2025-11-20,Furniture,Coffee Table,52.97,4,0,Scotland,Online,New,Card,4.5,No,1
100374,5336,2025-06-28,Decor,Ceramic Vase,33.35,4,0,Midlands,Online,New,Card,4.9,No,4
100679,5470,2026-02-01,Bedding,Wool Throw,64.07,2,0,Scotland,Online,Returning,Card,4.8,No,1
100567,5205,2025-06-18,Furniture,Accent Chair,67.6,1,10,North West,Online,Returning,Klarna,4.2,No,4
100461,5650,2025-07-17,Decor,Framed Print,32.45,3,5,Wales,In-Store,Returning,Card,5.0,No,4
101933,5750,2025-11-29,Furniture,Accent Chair,29.42,1,0,Wales,Online,New,Card,5.0,No,4
101156,5528,2025-07-20,Lighting,Floor Lamp,31.34,2,0,London,Online,Returning,Gift Card,3.5,No,4
100040,5568,2026-02-07,Bedding,Pillow Pair,68.75,1,25,Scotland,In-Store,New,Card,2.8,No,5
100974,5426,2025-06-06,Storage,Shoe Rack,44.14,4,25,London,Online,Returning,Card,3.4,No,7
101787,5178,2025-05-22,Lighting,Floor Lamp,35.65,3,0,North East,In-Store,New,Card,3.0,No,2
101499,5420,2025-05-12,Kitchen,Chopping Board,42.62,2,10,South East,Online,New,Card,3.8,No,2
101836,5124,2025-01-15,Furniture,Console Table,41.87,2,0,South East,In-Store,Returning,Gift Card,4.2,No,2
101841,5382,2025-05-30,Furniture,Coffee Table,51.65,4,25,South East,In-Store,VIP,Card,3.6,Yes,2
102084,5600,2025-07-17,Kitchen,Kettle,20.92,4,0,North West,Online,New,Gift Card,5.0,No,2
100828,5807,2025-12-07,Storage,Drawer Organiser,31.7,2,5,London,Online,Returning,PayPal,5.0,Yes,4
101936,5147,2026-03-18,Kitchen,Chopping Board,43.12,1,0,South East,Online,New,Card,3.5,No,6
102045,5249,2025-06-10,Decor,Candle Set,36.29,2,0,Midlands,Online,Returning,Klarna,5.0,No,2
100310,5097,2025-02-25,Bedding,Wool Throw,45.37,1,0,Wales,Online,VIP,PayPal,4.0,No,3
100277,5420,2025-08-26,Kitchen,Chopping Board,113.22,2,0,Wales,Online,VIP,Card,3.9,Yes,5
100637,5211,2026-03-16,Bedding,Linen Duvet Set,32.16,2,15,North East,In-Store,New,Card,5.0,No,2
100655,5497,2025-11-26,Decor,Framed Print,51.38,3,0,South East,Online,New,Gift Card,4.5,No,2
100623,5148,2025-02-27,Kitchen,Knife Block,79.35,2,0,Scotland,Online,New,Card,3.2,No,1
101860,5661,2025-09-28,Decor,Framed Print,33.22,1,0,Wales,Online,Returning,PayPal,3.7,No,2
100845,5004,2025-03-28,Decor,Ceramic Vase,18.64,4,0,North West,In-Store,New,Card,5.0,No,0
100394,5539,2025-02-13,Kitchen,Knife Block,26.19,4,15,North East,In-Store,Returning,Klarna,3.6,No,3
100350,5148,2025-02-28,Lighting,Desk Lamp,25.62,4,0,North East,Online,VIP,Klarna,5.0,No,4
100785,5430,2025-11-24,Kitchen,Chopping Board,72.59,1,0,Wales,Online,Returning,Card,4.5,No,6
100048,5803,2025-03-22,Bedding,Wool Throw,26.88,3,0,Midlands,Online,New,Card,4.2,No,0
101979,5051,2025-07-29,Bedding,Wool Throw,18.09,3,0,North East,In-Store,Returning,Klarna,4.5,No,4
101656,5208,2025-11-20,Kitchen,Ceramic Mug Set,42.41,1,0,Midlands,In-Store,New,Card,5.0,Yes,3
102070,5377,2025-08-18,Decor,Candle Set,83.52,2,0,Wales,Online,Returning,Card,4.3,No,2
100403,5288,2025-12-22,Furniture,Accent Chair,29.46,1,0,South West,Online,VIP,Card,4.3,Yes,2
101108,5816,2025-03-03,Kitchen,Kettle,59.99,1,10,North East,In-Store,VIP,Card,4.8,No,1
101155,5274,2026-03-20,Furniture,Coffee Table,23.46,2,0,London,In-Store,Returning,Card,4.0,No,3
101440,5859,2025-10-09,Bedding,Pillow Pair,43.7,1,0,Wales,Online,VIP,PayPal,4.3,No,2
101459,5237,2025-06-02,Storage,Wall Shelf Unit,48.45,4,5,Wales,In-Store,VIP,Card,4.2,No,3
102002,5055,2025-12-06,Decor,Candle Set,69.81,3,0,London,Online,New,Card,4.8,No,2
100990,5708,2026-01-15,Lighting,Fairy Lights,18.22,4,5,North East,In-Store,New,Card,3.2,Yes,2
101866,5364,2025-06-06,Decor,Framed Print,24.26,2,15,North West,In-Store,Returning,PayPal,2.9,No,6
101311,5471,2026-03-18,Storage,Wall Shelf Unit,35.06,1,20,Scotland,Online,Returning,PayPal,4.9,Yes,4
100034,5499,2025-03-04,Storage,Wall Shelf Unit,31.85,3,0,South East,Online,Returning,Card,3.2,No,1
100788,5617,2025-12-22,Bedding,Cushion Cover,28.65,2,15,Midlands,In-Store,Returning,Card,3.4,No,5
101044,5335,2025-08-25,Lighting,Table Lamp,20.84,1,10,Wales,Online,New,Card,3.4,No,2
100482,5746,2025-02-16,Storage,Storage Ottoman,72.54,3,0,South East,Online,Returning,Card,5.0,No,6
101244,5440,2025-04-11,Lighting,Desk Lamp,29.79,1,0,South West,Online,Returning,Card,2.8,No,3
100932,5629,2025-07-29,Storage,Shoe Rack,59.49,2,5,London,Online,Returning,PayPal,4.4,No,2
101686,5468,2025-07-08,Kitchen,Cast Iron Pan,53.87,1,10,South East,Online,New,PayPal,5.0,Yes,5
101249,5292,2025-10-03,Lighting,Floor Lamp,40.17,2,0,South East,Online,Returning,Gift Card,4.0,No,2
100760,5656,2025-08-06,Storage,Laundry Basket,43.88,1,15,North East,Online,New,Card,3.6,No,4
100093,5757,2025-04-18,Bedding,Mattress Topper,38.11,4,20,Scotland,Online,VIP,PayPal,4.3,No,1
101176,5304,2025-08-18,Furniture,Oak Bookshelf,64.33,1,0,North East,Online,Returning,Card,2.3,No,4
101416,5705,2025-07-23,Decor,Framed Print,43.9,1,5,South West,Online,New,PayPal,3.2,No,2
101342,5123,2025-09-22,Bedding,Wool Throw,61.48,1,0,Scotland,In-Store,Returning,Card,2.8,No,1
101473,5404,2025-09-25,Lighting,Pendant Light,33.01,2,0,North West,Online,New,Card,4.9,No,6
101608,5534,2025-03-12,Bedding,Pillow Pair,18.66,1,5,Midlands,Online,New,PayPal,3.8,No,0
100765,5324,2025-11-30,Lighting,Desk Lamp,28.41,3,5,South West,Online,Returning,Klarna,3.6,No,2
101374,5378,2025-05-31,Furniture,Bar Stool,28.64,2,0,South East,In-Store,Returning,Card,3.2,No,4
101952,5547,2025-08-30,Bedding,Mattress Topper,40.0,1,10,South East,Online,Returning,Gift Card,5.0,No,2
101729,5399,2025-10-29,Kitchen,Kettle,33.85,3,0,London,Online,Returning,Card,4.1,No,4
100258,5093,2026-03-02,Kitchen,Cast Iron Pan,40.13,1,0,Wales,Online,Returning,Card,3.5,No,5
100945,5116,2025-12-14,Decor,Ceramic Vase,36.0,1,10,North West,In-Store,Returning,Card,4.6,No,4
101220,5396,2025-05-10,Storage,Wall Shelf Unit,58.15,3,0,South East,Online,Returning,Card,4.3,No,6
101162,5448,2025-12-05,Lighting,Desk Lamp,29.21,3,20,South East,Online,Returning,Gift Card,3.7,No,3
100773,5004,2025-09-30,Kitchen,Ceramic Mug Set,53.1,2,0,North West,Online,VIP,Gift Card,3.9,No,4
101487,5146,2025-02-18,Lighting,Fairy Lights,39.56,4,0,Scotland,Online,VIP,Card,4.6,No,5
100313,5106,2026-03-14,Kitchen,Kettle,44.63,1,5,North East,Online,Returning,PayPal,5.0,No,4
100291,5726,2025-06-05,Storage,Wall Shelf Unit,18.62,4,0,South West,Online,Returning,Klarna,4.0,No,3
100764,5842,2025-01-31,Bedding,Cushion Cover,60.03,3,0,Wales,Online,Returning,Klarna,4.9,No,2
100184,5626,2025-06-28,Kitchen,Kettle,49.42,3,0,London,Online,Returning,Klarna,3.8,No,2
101177,5284,2025-08-18,Kitchen,Cast Iron Pan,22.31,1,15,London,Online,VIP,Gift Card,3.2,No,4
101350,5535,2025-10-18,Storage,Drawer Organiser,31.24,1,0,North East,Online,New,Klarna,3.2,No,3
101100,5390,2026-01-01,Kitchen,Chopping Board,21.71,3,0,South East,Online,Returning,Card,4.9,No,2
100392,5161,2025-06-22,Storage,Drawer Organiser,81.68,1,0,Wales,Online,Returning,PayPal,4.8,No,5
101920,5476,2025-01-24,Furniture,Console Table,25.92,3,0,,In-Store,New,PayPal,2.2,No,2
101457,5886,2025-08-23,Kitchen,Chopping Board,26.68,2,0,North East,Online,VIP,Card,4.2,No,5
101093,5758,2025-04-19,Bedding,Linen Duvet Set,54.27,2,0,Scotland,Online,New,Card,3.6,No,3
102023,5592,2026-01-11,Lighting,Table Lamp,21.03,1,0,South East,Online,New,Klarna,3.5,No,1
100905,5413,2025-11-15,Bedding,Linen Duvet Set,71.11,2,10,North East,Online,New,Card,3.4,No,4
100367,5422,2025-12-31,Kitchen,Chopping Board,46.59,2,0,Midlands,Online,VIP,Card,4.5,No,4
100346,5230,2025-06-30,Furniture,Oak Bookshelf,42.58,4,15,North East,In-Store,New,PayPal,4.8,No,1
101373,5404,2025-11-10,Lighting,Pendant Light,55.35,2,0,Wales,Online,VIP,Card,4.6,No,4
101640,5245,2026-03-10,Lighting,Table Lamp,58.61,2,15,North East,Online,Returning,Klarna,4.5,No,3
100920,5572,2026-01-30,Lighting,Floor Lamp,28.85,1,0,North West,In-Store,New,Card,4.3,No,6
100212,5645,2025-01-23,Storage,Storage Ottoman,33.95,1,0,North East,In-Store,VIP,Klarna,4.0,Yes,0
101604,5285,2025-01-10,Kitchen,Ceramic Mug Set,26.98,2,10,London,Online,New,Gift Card,3.0,No,3
100538,5103,2025-03-27,Bedding,Cushion Cover,67.29,1,0,Scotland,Online,New,PayPal,2.5,No,5
101221,5584,2025-08-24,Storage,Storage Ottoman,48.23,3,5,Wales,Online,Returning,Card,2.1,Yes,2
100176,5415,2026-03-27,Kitchen,Ceramic Mug Set,43.69,1,0,London,In-Store,New,Card,3.9,Yes,3
